nid|titulo_seo|title|receta_url|body|porciones|tiempo_real|calorias|
1092|Quiche de cebollas caramelizadas con tomates y champinones|Quiche de cebollas caramelizadas con tomates y champinones|recetario/quiche_de_cebollas_caramelizadas_con_tomates_y_champinones|"Para la masa:
En un recipiente hondo y grande mezcle la harina, la sal y el Sazonatodo MAGGI. AÃ±ada la mantequilla y con los dedos incorpore bien con la harina. Agregue el agua y continÃºe amasando. En caso de que la masa estÃ© muy seca, adicione mÃ¡s agua helada por cucharadas una a una. Ponga la masa sobre una superficie enharinada y amase con las manos hasta que suavice. Forme una bola y aplÃ¡nela un poco. Envuelva la masa en papel plÃ¡stico transparente y refrigere por 20 minutos.
Mientras tanto, precaliente el horno a 200 ÂºC (400 ÂºF).
Retire la masa de la nevera y deje reposar hasta que estÃ© a temperatura ambiente. Sobre una superficie enharinada, extienda la masa con un rodillo hasta que tenga medio centÃ­metro de grosor. Ponga la masa sobre el molde para el quiche, presione con los dedos para formar la base y corte los bordes sobrantes. Con un tenedor pinche la masa para que no se infle al momento de hornear (tambiÃ©n puede ponerle unos frÃ­joles secos encima). Deje reposar en la nevera por 10 minutos. Retire y hornee durante 10 minutos.
Para el relleno:
Mientras tanto, en una sartÃ©n mediana, caliente tres cucharadas de aceite y cocine las cebollas con el vinagre balsÃ¡mico a fuego medio alto hasta que estÃ©n muy doradas y dulces. ResÃ©rvelas. En la misma sartÃ©n, a fuego medio alto, caliente el aceite restante y cocine los champiÃ±ones con el ajo y el tomillo por tres minutos o hasta que empiecen a dorar. AÃ±ada los tomates y termine de cocinar por tres minutos mÃ¡s. Sazone con sal y pimienta al gusto. Deje enfriar y ponga la mezcla de vegetales sobre la masa del quiche.
Mezcle los huevos con la Crema de Leche NESTLÃ y sazone con sal y pimienta al gusto. Vierta sobre los vegetales. Cubra con el queso y lleve al horno por 25 minutos, hasta que estÃ© bien cocinado, esponjado y dorado. Sirva tibio o a temperatura ambiente."|6|100|530|
1093|Huevos poche con migas de arepa, queso y hogao con tocineta|Huevos poche con migas de arepa, queso y hogao con tocineta|recetario/huevos_poche_con_migas_de_arepa__queso_y_hogao_con_tocineta|"En una sartÃ©n mediana, a fuego medio alto, derrita una cucharada de mantequilla y una cucharada de aceite. Cuando estÃ© caliente, aÃ±ada las dos clases de cebollas y el Sazonatodo MAGGI y saltee por tres minutos. Agregue los tomates y cocine durante cinco minutos o hasta que se suavicen. Sazone con pimienta al gusto y reserve.
En la misma sartÃ©n cocine la tocineta a fuego medio-alto por tres minutos o hasta que dore por ambos lados y estÃ© crocante. Retire y escurra sobre papel absorbente.
Agregue las migas de la arepa a la misma sartÃ©n y cocÃ­nelas hasta que se doren. Retire del fuego, adicione el queso rallado y revuelva con una cuchara de madera hasta que el queso se derrita. Sazone con pimienta al gusto y tape para que se mantenga caliente.
Para pochar los huevos, llene una sartÃ©n profunda, mediana, con cinco centÃ­metros de agua frÃ­a. AÃ±ada el vinagre y caliente el agua hasta que empiece a burbujear (no la deje hervir). Rompa un huevo en un recipiente pequeÃ±o y deslÃ­celo suavemente en el agua burbujeante. Con un palito dÃ© vueltas alrededor de la clara hasta que el huevo coja forma. CocÃ­nelo por tres minutos para que quede blando. Si desea que quede mÃ¡s cocido, cocine por dos o tres minutos mÃ¡s. Con la ayuda de un colador, retire el huevo del agua y pÃ³ngalo sobre papel absorbente. Sazone con sal y pimienta al gusto. Repita el procedimiento con los huevos restantes.
Para servir, en cada plato ponga un poco de las migas de arepa con queso calientes. BaÃ±e con el hogao, espolvoree unos trocitos de tocineta frita y encima disponga el huevo pochÃ©. Decore con hojitas de cilantro.
Puede realizar la misma receta con huevos fritos."|4|100|395|
1094|Tortilla de huevo con pimentones, cebolla, tomates y jamon|Tortilla de huevo con pimentones, cebolla, tomates y jamon|recetario/tortilla_de_huevo_con_pimentones__cebolla__tomates_y_jamon|"En una sartÃ©n mediana, caliente a fuego medio una cucharada de aceite o mantequilla y dore las tajadas de jamÃ³n. Retire del fuego y reserve.
En la misma sartÃ©n, con el aceite o mantequilla que quedÃ³, saltee la cebolla y el pimentÃ³n a fuego medio-bajo. Tape la sartÃ©n y cocine
por cinco minutos o hasta que ablanden, Tenga cuidado que no se doren. Sazone con Salsa MAGGI y aÃ±ada el ajo y los tomates y siga
cocinando con la sartÃ©n tapada. Rectifique la sazÃ³n con sal al gusto. Retire la tapa, suba la temperatura y deje cocinar, revolviendo
constantemente, hasta que la mezcla hierva y todo el jugo de los tomates se evapore.
Aparte, agregue la Crema de Leche NESTLÃ a los huevos batidos e incorpore con un tenedor.
En otra sartÃ©n mediana, caliente el aceite o la mantequilla restante a fuego medio-bajo y agregue los huevos batidos con crema, deje
cocinar por un minuto y luego siga cocinando, revolviendo con una espÃ¡tula hasta que la tortilla compacte un poco. Tape la sartÃ©n y termine de cocinar (de 3 a 5 minutos). Retire del fuego la tortilla y encima viÃ©rtale la mezcla de pimentones y tomates caliente. Termine con las tiritas de jamÃ³n. Espolvoree con el romero picado y sirva inmediatamente."|6|100|231|
1095|Batido energetico de mora, banano, coco y linaza|Batido energetico de mora, banano, coco y linaza|recetario/batido_energetico_de_mora__banano__coco_y_linaza|"En una licuadora ponga las moras, el banano, la leche de coco, el agua, la Leche NestlÃ© Svelty DigestiÃ³n, la linaza en polvo, la miel, La Lechera NESTLÃ y el hielo. Licue hasta obtener un batido. Espolvoree con el coco deshidratado.
Puede decorar con fruta fresca.
TambiÃ©n puede preparar este batido con otros frutos rojos como: fresas, frambuesas o agraz."|4|100|391|
1096|Peras caramelizadas con quesito fresco, nueces y rugula|Peras caramelizadas con quesito fresco, nueces y rugula|recetario/peras_caramelizadas_con_quesito_fresco__nueces_y_rugula|"Pele las peras y pÃ¡rtalas a la mitad. RetÃ­reles las semillas con una cuchara.
Caliente una sartÃ©n mediana a fuego bajo y tueste las nueces durante 30 segundos. Reserve en un recipiente pequeÃ±o.
Usando la misma sartÃ©n caliente, derrita la mantequilla hasta que empiece a burbujear. Ponga a dorar las peras durante tres minutos por cada lado y espolvoree el Sazonatodo MAGGI. Cocine hasta que se pongan bien doradas.
En cada plato sirva media pera. Encima ponga unos trocitos de queso, esparza las uvas pasas y termine con un poco de rÃºgula."|4|100|201|
1097|Torta de uvas y vino moscatel|Torta de uvas y vino moscatel|recetario/torta_de_uvas_y_vino_moscatel|"Precaliente el horno a 190 ÂºC (360 ÂºF) y asegÃºrese de que la repisa del horno estÃ© ubicada en el centro. Engrase y enharine un molde rectangular de pan.
En un recipiente mediano mezcle una y media tazas de harina, el polvo para hornear, el bicarbonato de soda y la sal.
Aparte, con una batidora elÃ©ctrica a velocidad media, bata la mantequilla con media lata de La Lechera NESTLÃ hasta que quede bien
cremosa. AÃ±ada los huevos, uno a uno, y continÃºe batiendo. Adicione la ralladura de naranja. Agregue la mezcla de los ingredientes secos en dos tandas, alternando con el vino (empiece y termine con la harina). Tenga cuidado de no mezclar demasiado.
En un recipiente aparte, revuelva las uvas con la cucharada de harina restante y aÃ±Ã¡dalas a la mezcla de la torta hasta que queden
apenas incorporadas.
Vierta la mezcla en el molde y espolvoree con el azÃºcar moreno. Lleve al horno por 25 a 30 minutos o hasta que al insertar un cuchillo
en el centro de la torta, este salga limpio y la torta estÃ© dorada. Retire del horno, deje enfriar y desmolde.
Mientras tanto, con la batidora, bata la Crema de Leche NESTLÃ con La Lechera NESTLÃ restante y la esencia de vainilla. Sirva la torta con un poco de la crema batida."|8|60 |416|
1098|Crema de maracuya con frutas tropicales y deditos de chocolate|Crema de maracuya con frutas tropicales y deditos de chocolate|recetario/crema_de_maracuya_con_frutas_tropicales_y_deditos_de_chocolate|"En una olla mediana caliente cuatro tazas de agua a fuego medio.
En un recipiente metÃ¡lico hondo mezcle La Lechera NESTLÃ, 1 y Â¼ tazas de pulpa de maracuyÃ¡, las yemas, los huevos y la ralladura de naranja. Ponga el recipiente sobre la olla con agua hirviendo, sin dejar que toque el agua. ContinÃºe mezclando bien hasta que espese (aproximadamente por ocho minutos). Retire y enfrÃ­e en la nevera revolviendo de vez en cuando.
Mientras tanto, en otro recipiente mezcle las frutas con el azÃºcar y reserve.
Con la ayuda de una batidora, bata la Crema de Leche NESTLÃ Reducida en Grasa con el jugo de limÃ³n hasta que la crema forme picos. Vierta la crema de maracuyÃ¡ e incorpore con una espÃ¡tula, con movimientos envolventes. Lleve a la nevera por 15 minutos.
Para servir, en cada vaso o taza ponga una porciÃ³n de las frutas, cubra con tres cucharadas de la crema de maracuyÃ¡ y decore con un poco de la pulpa que reservÃ³. AcompaÃ±e con los Deditos de Chocolate NestlÃ©."|8|30 |288|
1099|Pina a la plancha con crema de canela y almendras tostadas|Pina a la plancha con crema de canela y almendras tostadas|recetario/pina_a_la_plancha_con_crema_de_canela_y_almendras_tostadas|"Corte la piÃ±a en rodajas de un centÃ­metro de grosor. Elimine el corazÃ³n.
En un recipiente mediano mezcle con una cuchara la Crema de Leche NestlÃ© Reducida en Grasa, la miel y la canela en polvo hasta que incorporen.
En una sartÃ©n grande, a fuego medio-alto, tueste las almendras por 30 segundos, moviÃ©ndolas constantemente. Tenga cuidado que no
se quemen. Reserve.
En la misma sartÃ©n caliente, derrita la mantequilla y cocine las rodajas de piÃ±a por tandas hasta que queden bien doradas (unos tres minutos por cada lado).
Sirva dos rodajas de piÃ±a por plato. Espolvoree sal y pimienta al gusto. Encima aÃ±ada una cucharada de crema de canela y esparza las almendras tostadas."|4|20 |341|
1100|Pinchos de frutas con salsa de chocolate blanco|Pinchos de frutas con salsa de chocolate blanco|recetario/pinchos_de_frutas_con_salsa_de_chocolate_blanco|"Arme los pinchos alternando las diferentes frutas y termine con las
hojas de menta.
Para la salsa de chocolate blanco:
En un recipiente pequeÃ±o ponga el Chocolate NestlÃ© SeducciÃ³n Blanco partido en trozos. Aparte, en una olla a fuego medio, caliente la
Crema de Leche NESTLÃ y el agua sin dejar que hiervan. Vierta la crema de leche caliente sobre el chocolate blanco y revuelva hasta que obtenga una salsa suave. AÃ±ada la esencia de vainilla, la sal e incorpore. Deje enfriar.
Sirva los pinchos de frutas en una bandeja. Espolvoree pimienta al gusto y baÃ±e con la salsa de chocolate blanco. TambiÃ©n puede servir la salsa al lado en una jarrita."|12|25 |223|
1101|Torticas de chocolate, cafe y naranja|Torticas de chocolate, cafe y naranja|recetario/torticas_de_chocolate__cafe_y_naranja|"Precaliente el horno a 350 ÂºF (180 ÂºC).
Engrase con mantequilla y enharine doce moldes individuales para ponquecitos.
En un recipiente hondo ponga las barras de Chocolate NestlÃ© SeducciÃ³n Negro y los trocitos de chocolate amargo.
En una olla mediana, a fuego bajo, derrita la mantequilla con el NESCAFÃ TradiciÃ³n y el azÃºcar moreno hasta que se disuelvan. AÃ±ada los chocolates, la ralladura de naranja y continÃºe revolviendo hasta que tenga una mezcla de consistencia suave. Retire del fuego y deje
enfriar por diez minutos.
Adicione los huevos, la sal marina y revuelva con una cuchara de madera hasta que incorporen bien. Vierta la mezcla en los moldes individuales y ponga al baÃ±o de MarÃ­a en el horno durante 30 minutos (o hasta que al introducir un cuchillo, este salga limpio). Retire del
horno, deje enfriar y lleve a la nevera durante una hora o hasta que las torticas estÃ©n firmes y se puedan desmoldar.
Para desmoldarlas, sumerja los moldes en un poco de agua tibia.
Sirva cada ponquecito con un poco de la mermelada de naranja."|12|60|502|
1102|Tiramisu|Tiramisu|recetario/tiramisu|"En un recipiente disuelva el NESCAFÃ TradiciÃ³n en el agua hirviendo. AÃ±ada una cucharada de azÃºcar y el licor de cafÃ©. Deje enfriar.
En una olla mediana, caliente tres tazas de agua a fuego medio y encima ponga un recipiente mediano de acero inoxidable. Vierta las yemas en el recipiente, agregue el vino y media taza de azÃºcar e incorpore con una batidora elÃ©ctrica hasta que las yemas tripliquen su volumen (5 a 8 minutos). Retire el recipiente del fuego, aÃ±ada el queso crema o la crema agria y continÃºe batiendo hasta que incorpore.
Aparte, en un recipiente grande, bata la Crema de Leche NESTLÃ hasta que forme picos. AÃ±Ã¡dala a la mezcla del queso crema e incorpore con la ayuda de una espÃ¡tula, haciendo movimientos envolventes.
Para armar el tiramisÃº, cubra el fondo de un molde rectangular con 18 Deditos NestlÃ© Tipo Champagne y vierta la mitad del cafÃ©, dejando que se absorba. Encima disponga la mitad de la mezcla de queso crema y luego haga una segunda capa de deditos (esta vez sumergiÃ©ndoles las puntas previamente en el cafÃ©). Termine con el resto de la mezcla de queso crema. Espolvoree la mitad de la cocoa en polvo, tape el molde con papel plÃ¡stico transparente y lleve a la nevera durante cinco horas.
Antes de servir, espolvoree la cocoa restante sobre el tiramisÃº."|8|30 |376|
1103|Ensalada de repollo verde, morado y zanahoria|Ensalada de repollo verde, morado y zanahoria|recetario/ensalada_de_repollo_verde__morado_y_zanahoria|"En un recipiente grande mezcle la mayonesa, la Crema de Leche NESTLÃ, el Sazonatodo MAGGI, el vinagre de frutas y la panela. Sazone
con pimienta al gusto.
AÃ±ada las dos clases de repollo, la zanahoria, la cebolla larga, el perejil y mezcle bien para que los ingredientes incorporen. Deje reposar
por 20 minutos, revolviendo ocasionalmente.
Sirva frÃ­a o a temperatura ambiente."|6|30 |165|
1104|Brocoli al horno con crocante de Galletas DORE|Brocoli al horno con crocante de Galletas DORE|recetario/brocoli_al_horno_con_crocante_de_galletas_dore|"Precaliente el horno a 220 ÂºC (440 ÂºF).
En un recipiente mediano mezcle el brÃ³coli con tres cucharadas de aceite de oliva, las gotas de Salsa MAGGI y pimienta al gusto.
Sobre una lata para hornear ponga el brÃ³coli y lleve al horno durante 15 minutos o hasta que estÃ© dorado y crocante. Revuelva cada cinco
minutos para que se cocine de manera uniforme. 
Para el crocante:
Mientras tanto, en una sartÃ©n pequeÃ±a, caliente a fuego medio una cucharada de aceite de oliva. AÃ±ada la cebolla y saltee hasta que empiece a dorar. Adicione las Galletas NestlÃ© DORÃ trituradas y continÃºe salteando por dos minutos mÃ¡s, revolviendo constantemente.
Retire del fuego y ponga en un recipiente. Agregue la ralladura de limÃ³n y rectifique la sazÃ³n con pimienta al gusto.
Saque el brÃ³coli del horno, baÃ±e con el jugo de limÃ³n y espolvoree con el crocante. Sirva inmediatamente."|6|30 |209|
1105|Ensalada de hinojo con naranja, aguacate y aceitunas negras|Ensalada de hinojo con naranja, aguacate y aceitunas negras|recetario/ensalada_de_hinojo_con_naranja__aguacate_y_aceitunas_negras|"Ralle la cÃ¡scara de una naranja hasta obtener una cucharada de ralladura. Con un cuchillo bastante afilado, pele bien las naranjas, eliminando tambiÃ©n la parte blanca. Corte cada segmento de la naranja para que queden los cascos sin la membrana y pÃ³ngalos en un recipiente pequeÃ±o.
Con un cuchillo parta el hinojo a la mitad, elimine el corazÃ³n y corte el resto en tajaditas muy delgadas.
En un recipiente mezcle bien el vinagre, la miel y la ralladura de naranja. Espolvoree el Caldo de Verduras MAGGI e incorpore. Sazone con pimienta al gusto y agregue el aceite de oliva, poco a poco, hasta que quede bien incorporado. Verifique que el caldo estÃ© bien disuelto.
Mezcle la mitad de la vinagreta con el hinojo.
Mientras tanto, corte el aguacate en tajadas delgadas y las aceitunas en trozos grandes.
En cada plato distribuya un poco de hinojo, algunos cascos de naranja, unas tajadas de aguacate y unos trozos de aceitunas.
BaÃ±e con la vinagreta restante. Verifique la sazÃ³n con sal y pimienta al gusto y decore con las hojitas de hinojo."|6|20 |171|
1106|Torres crocantes de berenjena asada|Torres crocantes de berenjena asada|recetario/torres_crocantes_de_berenjena_asada|"Corte las berenjenas en tajadas de un centÃ­metro de ancho (necesita 16 tajadas), pÃ³ngalas sobre papel de cocina absorbente y espolvorÃ©elas con sal. Cubra con papel de cocina y deje reposar por 10 minutos. Mientras tanto, sobre la estufa (preferiblemente de gas), y usando unas pinzas largas, ponga el pimentÃ³n sobre fuego medio directo hasta que se ahÃºme por todos lados. Retire del fuego y deje reposar por cuatro minutos. Repita el procedimiento con el otro pimentÃ³n. RetÃ­reles la piel quemada, elimine las semillas y cÃ³rtelos en cuadrados grandes. Reserve. Seque bien las berenjenas con papel de cocina. En una sartÃ©n, caliente el aceite de oliva a fuego medio y
dore las tajadas de berenjena por tres minutos por cada lado. Retire del fuego y deje escurrir sobre papel absorbente.
Para el crocante:
En la misma sartÃ©n, caliente a fuego medio el aceite de oliva y dore el ajo y las Galletas NestlÃ© DORÃ trituradas durante dos minutos,  oviendo constantemente con una cuchara de madera para evitar que se quemen. Reserve.
Para la vinagreta:
Mezcle todos los ingredientes con un batidor manual hasta que incorporen.
Para armar cada torre, empiece con una rodaja de berenjena, continÃºe con un trozo de pimentÃ³n, luego otra tajada de berenjena, unas
tajaditas de queso, otra de berenjena, unas rodajas de tomate y dos hojas de albahaca. Finalice con otra tajada de berenjena. Encima
de cada torre vierta dos cucharadas de vinagreta de alcaparras y una cucharada de crocante."|4|35 |451|
1107|Costillitas de cerdo con salsa bbq ahumada|Costillitas de cerdo con salsa bbq ahumada|recetario/costillitas_de_cerdo_con_salsa_bbq_ahumada|"En una olla mediana mezcle la salsa de tomate, la miel, el ajo en polvo, el orÃ©gano, el tomillo y el ajÃ­ y cocine a fuego medio hasta que hierva. Baje la temperatura y cocine a fuego bajo por 20 minutos o hasta que la salsa estÃ© muy espesa. Retire del fuego y deje enfriar.
En una olla para sopa, grande, ponga las costillitas con el apio, la cebolla, la zanahoria, el laurel, los granos de pimienta y los cubos de
Caldo MAGGI Salchicha del Rancho desmenuzados. Cubra con suficiente agua y cocine a fuego medio-alto hasta que hierva. Baje la
temperatura y cocine a fuego bajo por 15 Ã³ 20 minutos o hasta que las costillas estÃ©n casi cocinadas.
Retire de la olla, escurra las costillitas y con una brocha Ãºnteles muy bien salsa BBQ. Reserve el resto de la salsa. Ponga las costillitas en una sartÃ©n grande junto con los ajos enteros y cocine a fuego medio-alto hasta que empiecen a dorar. Baje la temperatura a fuego medio y
aÃ±ada mÃ¡s salsa para terminar de dorarlas."|8|60|814|
1108|Rollitos de pollo con manzanas, queso, hierbas y miel|Rollitos de pollo con manzanas, queso, hierbas y miel|recetario/rollitos_de_pollo_con_manzanas__queso__hierbas_y_miel|"Precaliente el horno a 200 ÂºC (400 ÂºF).
Aplane las pechugas con una piedra o rodillo hasta que queden muy delgadas (menos de un centÃ­metro de grosor) y Ãºntelas con el SazÃ³n
y Amor para Pollo MAGGI.
Corte la manzana roja en rodajas horizontales y dispÃ³ngalas en el fondo de una refractaria. BaÃ±e con una cucharada de aceite de oliva.
Para el relleno, en un recipiente mezcle la manzana verde rallada, el queso Paipa rallado, un cuarto de taza de queso parmesano, el ajo,
la salvia finamente picada y una cucharada de miel hasta formar una pasta suave.
Para armar los rollitos, en medio de cada pechuga ponga una o dos cucharadas del relleno, tape el relleno con un costado de la pechuga
y termine de enrollar. Organice los rollos de pechuga sobre las rodajas de manzanas en el molde refractario.
Aparte, en un recipiente pequeÃ±o combine el aceite de oliva y la miel restante con la Salsa MAGGI. Vierta esta mezcla sobre las pechugas,
sazone con pimienta al gusto y espolvoree el queso parmesano restante. Ponga una hoja de salvia sobre cada pechuga. Lleve al horno
durante 30 minutos o hasta que el pollo se dore y estÃ© bien cocinado.
Sirva los rollos acompaÃ±ados de las rodajas de manzana horneadas."|4|45 |435|
1109|Medallones de carne con salsa de vino tinto y champinones|Medallones de carne con salsa de vino tinto y champinones|recetario/medallones_de_carne_con_salsa_de_vino_tinto_y_champinones|"Con papel absorbente seque bien los medallones de carne. Sazone con sal y pimienta al gusto.
En una sartÃ©n grande, caliente el aceite a fuego medio-alto y cocine los medallones de carne durante tres minutos por cada lado, para
tÃ©rmino medio.
Retire la carne de la sartÃ©n y reserve tapada con papel de aluminio.
En la misma sartÃ©n saltee los champiÃ±ones hasta que doren y aÃ±ada el Caldo Rico Costilla, el vino tinto y el tomillo. Reduzca la temperatura
y cocine a fuego bajo hasta que la salsa espese. Saque un poco de la salsa para diluir la fÃ©cula de maÃ­z. Luego agregue a la salsa, incorpore bien y cocine durante tres minutos mÃ¡s.
Sirva los medallones de carne con la salsa de vino y champiÃ±ones caliente."|6|25 |686|
1110|Carne asada sobre lechugas y vinagreta de chimichurri|Carne asada sobre lechugas y vinagreta de chimichurri|recetario/carne_asada_sobre_lechugas_y_vinagreta_de_chimichurri|"En una licuadora o un recipiente pequeÃ±o mezcle el perejil, el cilantro, el orÃ©gano y el ajo. Agregue el vinagre, media taza de aceite de oliva, el Sazonatodo MAGGI, el agua y el ajÃ­ al gusto.
Caliente una plancha o una sartÃ©n con ranuras a fuego medio alto.
Seque bien la carne con papel absorbente y Ãºntela con el aceite restante, el SazÃ³n y Amor para Carnes MAGGI y pimienta al gusto. Ponga
la carne sobre la plancha caliente durante cinco minutos por cada lado para tÃ©rmino medio. Retire la carne y dÃ©jela reposar durante cinco minutos sobre una tabla para cortar.
Mientras tanto, mezcle las lechugas con un poco de la vinagreta de chimichurri.
Corte la carne en tajadas en forma diagonal y sirva sobre las lechugas.
BaÃ±e con la vinagreta restante."|6|25 |367|
1111|Salmon al horno con limas, albahaca y salsa de pepino|Salmon al horno con limas, albahaca y salsa de pepino|recetario/salmon_al_horno_con_limas__albahaca_y_salsa_de_pepino|"Precaliente el horno a 180 ÂºC (350 ÂºF).
Limpie bien el filete de salmÃ³n y pÃ³ngalo sobre una lata para hornear con el lado de la piel hacia abajo. Ãntelo por encima con tres  ucharadas de aceite de oliva y espolvoree con una cucharadita de Sazonatodo MAGGI y pimienta al gusto.
Corte las limas o los limones en cascos y pÃ³ngalos sobre el salmÃ³n y a los lados. Esparza las hojas de albahaca y lleve al horno durante 18
minutos o hasta que el salmÃ³n estÃ© cocinado, pero todavÃ­a suave y jugoso. Tenga cuidado de no hornear demasiado para evitar que se
ponga muy duro y seco.
Mientras tanto, pele el pepino, cÃ³rtelo a la mitad y elimine las semillas con una cuchara. Ralle el pepino y mezcle con el yogur, la Crema de
Leche NESTLÃ, la miel, el aceite de oliva y el Sazonatodo MAGGI restante hasta que los ingredientes incorporen.
Sirva el salmÃ³n acompaÃ±ado de la salsa de pepino."|4|35 |320|
1112|Trucha apanada con almendras y tomillo sobre pure de arvejas|Trucha apanada con almendras y tomillo sobre pure de arvejas|recetario/trucha_apanada_con_almendras_y_tomillo_sobre_pure_de_arvejas|"Tome cada filete de trucha y Ãºntelo con tres gotas de Salsa MAGGI por el lado que no tiene piel.
Ponga la harina en un plato. En otro plato mezcle las almendras trituradas con el tomillo. Enharine las truchas por ambos lados, evitando
el exceso de harina. Con una brocha de cocina, unte con clara de huevo el lado de los filetes que tiene piel y cÃºbralo completamente con las almendras trituradas con tomillo. Reserve.
En caso de que no lo quiera cocinar de una vez, puede, en este paso, llevar los filetes a la nevera hasta por 12 horas.
Para el purÃ© de arvejas:
En una olla mediana, con suficiente agua hirviendo, disuelva el Caldo de Verduras MAGGI. AÃ±ada las hojas de menta y las arvejas y cocine
hasta que ablanden (2 Ã³ 3 minutos). Escurra las arvejas y licuelas hasta obtener un purÃ© suave. Retire de la licuadora, deje enfriar y mezcle
con la Crema de Leche NESTLÃ. Rectifique la sazÃ³n con sal y pimienta al gusto. Reserve.
En una sartÃ©n grande, a fuego medio, derrita la mantequilla. Cuando haga burbujas ponga los filetes de trucha por el lado cubierto de almendras durante dos minutos o hasta que doren. Tenga cuidado de no quemarlos. Voltee y cocine por dos minutos mÃ¡s.
Sirva las truchas sobre el purÃ© de arvejas. AcompaÃ±e con cascos de limÃ³n."|4|35 |776|
1113|Deditos de robalo apanados con dos salsas|Deditos de robalo apanados con dos salsas|recetario/deditos_de_robalo_apanados_con_dos_salsas|"Precaliente el horno a 180 ÂºC (350 ÂºF).
En un recipiente ponga el rÃ³balo y aÃ±ada el aceite y el ajo.
Aparte, en un plato grande, mezcle el Sazonatodo MAGGI con las Galletas NestlÃ© Saltinas Plus de Cereales trituradas.
Pase los deditos de rÃ³balo sobre las migas de galleta hasta que queden cubiertos por todos lados. OrganÃ­celos sobre una lata para hornear y llÃ©velos al horno durante 20 minutos o hasta que estÃ©n bien cocinados, dorados y crocantes.
Para la salsa de miel y mostaza:
En un recipiente pequeÃ±o mezcle muy bien todos los ingredientes.
Para la salsa tÃ¡rtara:
En otro recipiente revuelva todos los ingredientes hasta que incorporen.
Sirva los deditos de rÃ³balo calientes acompaÃ±ados de las dos salsas y con cascos de limÃ³n."|4|45 |115|
1114|Camarones con salsa de tamarindo y mani|Camarones con salsa de tamarindo y mani|recetario/camarones_con_salsa_de_tamarindo_y_mani|"En un recipiente mezcle la pulpa de tamarindo con el agua hirviendo. Espolvoree el Caldo de Verduras MAGGI y continÃºe revolviendo por
cinco minutos hasta que la pulpa y el caldo se disuelvan. Pase por un colador para eliminar las semillas y la fibra. Mezcle el tamarindo con
dos cucharadas del jugo de limÃ³n y reserve.
En una sartÃ©n mediana, caliente el aceite de oliva a fuego medio alto. Saltee la cebolla, el ajo, y el chile por 30 segundos. Sazone con
sal y pimienta al gusto. AÃ±ada los camarones y cocÃ­nelos durante un minuto por cada lado. VoltÃ©elos solo una vez. Adicione la mezcla de
tamarindo y continÃºe la cocciÃ³n por dos minutos mÃ¡s.
Sirva caliente y espolvoree el manÃ­ y el cilantro fresco. AcompaÃ±e con arroz blanco."|4|25 |388|
1115|Pasta con salsa de atun y alcaparras|Pasta con salsa de atun y alcaparras|recetario/pasta_con_salsa_de_atun_y_alcaparras|"En una olla grande con agua hirviendo con sal, cocine la pasta hasta que estÃ© en su punto (puede seguir las instrucciones del paquete).
Escurra y pase por agua frÃ­a para detener la cocciÃ³n. Escurra nuevamente y agregue una cucharada de aceite de oliva para que no se
pegue. Reserve.
En una licuadora, licue el atÃºn con su aceite, la mayonesa, la Crema de Leche NESTLÃ, tres cucharadas de aceite de oliva, el jugo de limÃ³n, el agua, la miel, dos cucharadas de alcaparras y la Salsa MAGGI hasta que la salsa quede cremosa.
Mezcle la pasta con la salsa de atÃºn. Sirva en platos hondos y espolvoree con perejil fresco, pimienta al gusto y queso parmesano rallado. Puede servir a temperatura ambiente."|6|30 |562|
1116|Orzo con champinones, finas hierbas y tomates secos|Orzo con champinones, finas hierbas y tomates secos|recetario/orzo_con_champinones__finas_hierbas_y_tomates_secos|"En una olla grande ponga a hervir cuatro tazas de agua con el medio cubo de Caldo de Verduras MAGGI. Agregue el orzo y cocine durante
ocho minutos o hasta que estÃ© al dente. Escurra y pase por agua frÃ­a para detener la cocciÃ³n. Escurra nuevamente y reserve.
En una sartÃ©n grande, caliente a fuego medio alto una cucharada de aceite y saltee los champiÃ±ones y el ajo. Agregue la Salsa MAGGI.
En un recipiente hondo mezcle el orzo con el perejil, el eneldo, la albahaca, los champiÃ±ones, el aceite restante, el vinagre balsÃ¡mico
y el jugo de limÃ³n. Sazone con sal y pimienta al gusto. Termine con los tomates secos.
Puede servir frÃ­o o tibio"|6|25 |289|
1117|Ensalada de papitas Cesar con rabanos y habichuelas|Ensalada de papitas Cesar con rabanos y habichuelas|recetario/ensalada_de_papitas_cesar_con_rabanos_y_habichuelas|"Corte las papas a la mitad si son pequeÃ±as y en rodajas delgadas si son grandes.
En una canastilla o colador sobre una olla grande con agua hirviendo, cocine las papas con las hojas de laurel al vapor, tapadas por 10
minutos o hasta que estÃ©n bien cocinadas. Agregue las habichuelas y siga cocinando hasta que empiecen a suavizar (aproximadamente
por un minuto). Evite que las papas se cocinen demasiado para que no se deshagan al momento de mezclar la ensalada.
Retire las papas y las habichuelas de la canastilla, ponga en un recipiente grande y deje enfriar un poco. Agregue los rÃ¡banos y la cebolla.
Aparte, en un recipiente pequeÃ±o, mezcle el aceite de oliva, el jugo de limÃ³n, el Sazonatodo MAGGI, la mostaza de Dijon, el ajo y la mitad
del queso parmesano. Sazone con pimienta al gusto.
BaÃ±e la ensalada tibia con este aderezo y espolvoree con el resto del queso parmesano."|6|25 |270|
1118|Tostadas francesas con jamon, queso y mermelada de naranja|Tostadas francesas con jamon, queso y mermelada de naranja|recetario/tostadas_francesas_con_jamon__queso_y_mermelada_de_naranja|"En un recipiente grande y hondo mezcla los huevos con la Crema de Leche NESTLÃÂ®, la Leche KLIMÂ® y sal y pimienta al gusto. Sumerge seis tajadas de pan en esta mezcla hasta que se hayan remojado bien.
En una sartÃ©n o plancha grande a fuego medio, derrite tres cucharadas de mantequilla y dora las seis tajadas de pan durante cuatro minutos por cada lado, hasta que el huevo estÃ© bien cocinado. Voltea con la ayuda de una espÃ¡tula. RÃ¡pidamente, mientras estÃ¡n en
la sartÃ©n, unta cada tajada de pan por encima con una cucharada de mermelada de naranja. Sobre tres tajadas de pan coloca una
tajada de jamÃ³n seguida por una tajada de queso y tapa con las tres tajadas que solo tienen mermelada para formar tres sÃ¡ndwiches. Presiona bien cada sÃ¡ndwich con la espÃ¡tula hasta que el queso se derrita. Retira de la sartÃ©n y reserva en un plato. Repite el  rocedimiento para formar los tres sÃ¡ndwiches restantes.
Antes de servir, calienta los seis sÃ¡ndwiches sobre la sartÃ©n y cÃ³rtalos por la mitad con un cuchillo de sierra.
Sirve cada sÃ¡ndwich con una cucharada de suero costeÃ±o por encima y un poco de ralladura de cÃ¡scara de naranja.
AcompaÃ±a con CafÃ© NESCAFÃÂ® DOLCA"|6|30 |600|
1119|Sangria con NesteaÂ® Limon|Sangria con NesteaÂ® Limon|recetario/sangria_con_nesteaÂ®_limon|"En el fondo de una jarra de vidrio grande pon las rodajas de naranja, las tajadas de manzana, las uvas, las uchuvas y las hojas de hierbabuena.
Vierte la mezcla para hacer tÃ© frÃ­o NESTEAÂ® sabor a limÃ³n en la jarra y aÃ±ade el agua con gas o la soda y cubos de hielo al gusto. Deja
reposar la sangrÃ­a por lo menos 30 minutos en la nevera para que los sabores se mezclen bien.
Sirve en vasos altos.
AcompaÃ±a con Galletas FITNESSÂ® Miel."|8|15 |90|
1120|Granizado con NesteaÂ® Durazno|Granizado con NesteaÂ® Durazno|recetario/granizado_con_nesteaÂ®_durazno|"Revuelve muy bien la mezcla para hacer tÃ© frÃ­o NESTEAÂ® sabor a durazno con el agua hasta que disuelva completamente. Vierte en un molde que se pueda llevar al congelador y deja que se congele durante cinco horas o hasta que estÃ© completamente compacto.
Retira el molde del congelador y con una cuchara metÃ¡lica raspa el NESTEAÂ® Durazno para obtener el granizado. Vierte unas cinco cucharadas de granizado en cada vasito, intercalando con tres tajaditas de durazno fresco. Para terminar, baÃ±a con dos cucharadas de Leche condensada La LecheraÂ® y sirve inmediatamente.
AcompaÃ±a con Galletas COCOSETTEÂ® Wafer."|6|15 |220|
1121|Sandwichitos de queso con pasta de tomates picantes|Sandwichitos de queso con pasta de tomates picantes|recetario/sandwichitos_de_queso_con_pasta_de_tomates_picantes|"En un recipiente pequeÃ±o mezcla la pasta de tomate, el ajÃ­, la tintura de panela o la miel y el Sazonador MAGGI Sazonatodo Â®. Revuelve
muy bien y unta cada tajada de pan con esta pasta.
Toma seis tajadas de pan y sobre cada una coloca una tajada de queso. Encima pon unas tiritas delgadas de cebolla y unas hojas de cilantro. Cubre con otra tajada de queso y tapa cada sÃ¡ndwich. Unta con un poco de mantequilla las tapas exteriores de cada sÃ¡ndwich.
Calienta una sartÃ©n grande de teflÃ³n o una plancha a fuego medio. Pon los sÃ¡ndwiches, en tandas de tres unidades, y Ã¡salos hasta que
el pan se dore y el queso se derrita (cinco minutos por cada lado).
Sobre una tabla de madera y con la ayuda de un cuchillo de sierra, cÃ³rtale los bordes a cada sÃ¡ndwich y pÃ¡rtelo por la mitad en diagonal.
AcompaÃ±a con la mezcla para hacer tÃ© frÃ­o NESTEAÂ® sabor a limÃ³n."|12|30 |260|
1122|Gratinado de alcachofas y espinacas con tostadas|Gratinado de alcachofas y espinacas con tostadas|recetario/gratinado_de_alcachofas_y_espinacas_con_tostadas|"Precalienta el horno a 200 Â°C (400 Â°F).
En un recipiente mediano mezcla el queso crema, la Crema de Leche NESTLÃÂ®, la mostaza de Dijon, el ajo, el Sazonador MAGGI Sazonat odoÂ® y el ajÃ­ picante. AÃ±ade las alcachofas y revuelve muy bien. Adiciona la espinaca, el queso mozzarella rallado y la pimienta al gusto.
Rectifica la sazÃ³n con Sazonador MAGGI Sazonat odoÂ®. Pon la mezcla en un molde refractario y cubre con el queso parmesano. Hornea
durante 20 minutos, hasta que el queso se dore y la mezcla estÃ© burbujeando.
Antes de que termine de dorarse el gratinado, pon las tajadas de baguette en una lata para hornear y con una brocha de cocina Ãºntalas de aceite de oliva. Espolvorea con sal y pimienta al gusto y lleva al horno por cinco minutos o hasta que doren. Sirve el gratinado caliente acompaÃ±ado de las tostadas.
AcompaÃ±a con la mezcla para hacer tÃ© frÃ­o NESTEAÂ® sabor a naranja."|8|35 |490|
1123|Torticas de calabacin con trucha ahumada y crema|Torticas de calabacin con trucha ahumada y crema|recetario/torticas_de_calabacin_con_trucha_ahumada_y_crema|"En un recipiente revuelve el calabacÃ­n rallado con una cucharadita de Sazonador MAGGI Sazonatodo Â® y ponlo sobre un colador.  PresiÃ³nalo con el puÃ±o de tu mano para sacarle el exceso de agua. Repite este procedimiento hasta que no tenga mucha humedad.
Seca el calabacÃ­n con papel absorbente de cocina y ponlo dentro de un recipiente mediano. Agrega la harina, el queso parmesano, un cuarto de taza de cebolla y revuelve bien. AÃ±ade los huevos, el Sazonador MAGGI Sazonatodo Â® restante y la pimienta al gusto.
En una sartÃ©n grande a fuego medio alto, calienta el aceite (suficiente para cubrir el fondo de la sartÃ©n). Con una cuchara grande toma la mezcla de calabacÃ­n y ponla sobre la sartÃ©n caliente. Con la misma cuchara presiona para formar una tortica plana y de unos cinco centÃ­metros de diÃ¡metro. Repite este procedimiento para hacer tandas de tres torticas a la vez, hasta que termines con la mezcla.
CocÃ­nalas durante un minuto por cada lado o hasta que estÃ©n doradas y bien cocidas. RetÃ­ralas del aceite y escÃºrrelas sobre un plato con papel de cocina absorbente para eliminar el exceso de grasa.
Aparte, en un recipiente pequeÃ±o mezcla la Crema de Leche NESTLÃÂ® con el jugo de limÃ³n y la miel.
Sirve cada tortica con una cucharada de crema, un trozo de trucha ahumada, alcaparras y un poco de la cebolla restante.
AcompaÃ±a con la mezcla para hacer tÃ© frÃ­o NESTEAÂ® sabor a durazno."|6|45 |280|
1124|Causa limena de atun, papa criolla, aguacate y crema|Causa limena de atun, papa criolla, aguacate y crema|recetario/causa_limena_de_atun__papa_criolla__aguacate_y_crema|"En una olla mediana cocina las papas en agua con sal, a fuego medio alto, hasta que hiervan. Baja la temperatura a fuego medio y continÃºa cocinando hasta que estÃ©n blandas. Retira del fuego, escurre el agua y pon las papas en un recipiente mediano. Prensa las papas con un tenedor hasta formar un purÃ©. Condimenta el purÃ© con una cucharada de jugo de limÃ³n, Sazonador MAGGI Sazonatodo Â® y
el ajÃ­. Reserva en la nevera.
Aparte, en un recipiente mediano mezcla el atÃºn (descartando el aceite), el resto del jugo de limÃ³n, la cebolla, la mitad del tomate, el perejil y la Crema de Leche NESTLÃÂ®, hasta que todos los ingredientes estÃ©n incorporados. AsegÃºrate de que la mezcla de atÃºn no quede muy hÃºmeda.
Para armar la causa, sobre un plato coloca un aro de metal o plÃ¡stico de ocho centÃ­metros de diÃ¡metro por diez centÃ­metros de alto, engrasado por dentro. Llena el fondo del aro con cuatro cucharadas de purÃ© de papa y aplÃ¡nalo bien. Encima organiza tres o cuatro tajadas de aguacate hasta cubrir toda la papa. Sigue con cuatro cucharadas de atÃºn y vuelve a aplanar. Cubre la capa de atÃºn con otras cuatro cucharadas de purÃ© de papa y presiona un poco. Cuidadosamente desliza el aro de metal hacia arriba, asegurÃ¡ndote de que la causa despegue y quede sobre el plato. Decora con los cuadritos de tomate restante.
Reserva en la nevera y arma las otras causas repitiendo el mismo proceso.
AcompaÃ±a con la mezcla para hacer tÃ© frÃ­o NESTEAÂ® sabor a limÃ³n."|4|45 |290|
1125|Ensalada de tomate, pepino, pimenton y pan frito|Ensalada de tomate, pepino, pimenton y pan frito|recetario/ensalada_de_tomate__pepino__pimenton_y_pan_frito|"Para la ensalada: en una sartÃ©n mediana a fuego medio calienta el aceite de oliva. SofrÃ­e las tajadas de pan pita, una por una, durante un
minuto por cada lado o hasta que se doren. Retira y deja escurrir sobre un plato cubierto con papel de cocina para absorber el exceso de aceite. Cuando enfrÃ­e, parte el pan con los dedos en trozos medianos.
En un recipiente grande mezcla los tomates, los pepinos, los rÃ¡banos, la cebolla, el pimentÃ³n, el perejil, y las hojas de hierbabuena. Sazona
con pimienta al gusto.
Para la vinagreta: en un frasco con tapa mezcla el jugo de limÃ³n, el aceite de oliva, el Sazonador MAGGI Sazonatodo Â® y el comino. Cierra
el frasco y revuelve bien para que la vinagreta se incorpore.
Vierte la vinagreta sobre la ensalada y agrega los trozos de pan pita frito.
AcompaÃ±a con la mezcla para hacer tÃ© frÃ­o NESTEAÂ® sabor a naranja"|6|30 |375|
1126|Sopa de frijol negro con tocineta, crema y cilantro|Sopa de frijol negro con tocineta, crema y cilantro|recetario/sopa_de_frijol_negro_con_tocineta__crema_y_cilantro|"Escurre los frÃ­joles y elimina el agua en que se remojaron. EnjuÃ¡galos con agua frÃ­a y vuÃ©lvelos a escurrir.
En una olla grande sofrÃ­e la tocineta a fuego medio alto por cinco minutos o hasta que se dore. Saca dos cucharadas de tocineta frita y resÃ©rvala para decorar. AÃ±ade la cebolla, el pimentÃ³n, el ajo, el jalapeÃ±o o el pimentÃ³n verde, la sal, el comino, el orÃ©gano, el laurel y la pimienta al gusto. Revuelve la mezcla y cocina por cinco minutos, hasta que la cebolla estÃ© blanda.
AÃ±ade los frÃ­joles y el Caldo con Costilla Maggi Â® Doble Gusto y cocina la sopa a fuego medio, parcialmente cubierta, hasta que los frÃ­joles estÃ©n blandos (dos horas y media). Retira del fuego y en una licuadora, licua la mitad de la sopa y devuÃ©lvela a la olla. Revuelve bien y aÃ±ade el cilantro.
Sirve la sopa en tazas soperas con un poco de Crema de Leche NESTLÃÂ®.
Decora con el cilantro y los trocitos de tocineta frita que reservaste"|6|165|330|
1127|Sopa blanca de pescado y papa|Sopa blanca de pescado y papa|recetario/sopa_blanca_de_pescado_y_papa|"En una olla grande a fuego bajo cocina la tocineta hasta que suelte la grasa. Aumenta la temperatura a fuego medio y sigue cocinando hasta que dore. Retira los trocitos de tocineta de la olla y resÃ©rvalos.
En la misma olla derrite la mantequilla y agrega la cebolla y el tomillo, revolviendo con una cuchara de palo. Cocina la cebolla por cuatro minutos o hasta que ablande, pero evita que se dore. Adiciona las papas y el Caldo de Gallina MAGGIÂ®. Si el caldo no cubre las papas completamente, aÃ±ade un poco de agua. Aumenta la temperatura a fuego medio alto y tapa la olla hasta que el caldo hierva y las papas
estÃ©n cocinadas (suaves afuera pero firmes por dentro). Reduce la temperatura a fuego bajo y rectifica la sazÃ³n con pimienta al gusto. AÃ±ade el pescado y deja cocinar por cinco minutos. Retira la olla del fuego y deja que la sopa repose por diez minutos, hasta que el pescado se termine de cocinar con el calor del caldo.
Agrega la Crema de Leche NESTLÃÂ® cuidadosamente y vuelve a rectificar la sazÃ³n. Deja que la sopa repose durante 15 minutos antes
de servir.
Para servir, calienta la sopa un poco sin dejar que hierva. Sirve en cada plato hondo, poniendo en el fondo los trozos de pescado y luego la papa. DespuÃ©s vierte el caldo y termina con una cucharada de tocineta frita y un poco de cebollÃ­n. Sirve inmediatamente"|8|105|290|
1128|Ensalada de remolacha, tomates, aguacate y albahaca|Ensalada de remolacha, tomates, aguacate y albahaca|recetario/ensalada_de_remolacha__tomates__aguacate_y_albahaca|"En una olla grande con agua hirviendo con sal (hasta la mitad), cocina las remolachas a fuego medio alto por treinta minutos o hasta que se les pueda introducir un tenedor fÃ¡cilmente. Escurre las remolachas y pÃ©lalas cuando estÃ©n aÃºn calientes. Deja que se enfrÃ­en y cÃ³rtalas
en cubos de 3 centÃ­metros. Reserva en un recipiente mediano.
Lava los tomates y cÃ³rtalos en cubos de 3 centÃ­metros. Reserva.
En un recipiente pequeÃ±o mezcla bien, con un tenedor, el jugo y la ralladura de limÃ³n. AÃ±ade el aceite de oliva, poco a poco, revolviendo muy bien. Agrega el Sazonador MAGGI Sazonatodo Â® y termina de mezclar bien la vinagreta.
Vierte la mitad de la vinagreta sobre las remolachas y revuelve muy bien. Agrega el resto de la vinagreta a los tomates.
Para servir, revuelve los cubos de remolacha y de tomate. Luego aÃ±ade el aguacate y las hojas de albahaca. Sazona con mÃ¡s Sazonador
MAGGI Sazonatodo Â® y pimienta al gusto.
AcompaÃ±a con la mezcla para hacer tÃ© frÃ­o NESTEAÂ® sabor a durazno"|6|40 |255|
1129|Ensalada de manzanas y rabanos con salsa cremosa|Ensalada de manzanas y rabanos con salsa cremosa|recetario/ensalada_de_manzanas_y_rabanos_con_salsa_cremosa|"Para la vinagreta: en un recipiente mediano mezcla el vinagre de sidra con la Crema de Leche NESTLÃÂ®, el yogur, la miel, el perejil, el eneldo, el Sazonador MAGGI Sazonat odoÂ®, y la pimienta al gusto.
Reserva en la nevera.
Parte el hinojo por la mitad, eliminando el corazÃ³n y cortando el resto en tajaditas muy finas. Reserva en un recipiente mediano con agua frÃ­a y gotas de limÃ³n. Corta las manzanas en tajadas muy delgadas conservando la cÃ¡scara y los rÃ¡banos en tajadas muy finas. Reserva
en un recipiente mediano con agua frÃ­a y gotas de limÃ³n.
Antes de servir, escurre bien el hinojo, las manzanas y los rÃ¡banos, y mÃ©zclalos con la mitad de la vinagreta. Puedes decorar con ramitas de eneldo y pimienta fresca. AcompaÃ±a con el resto de la vinagreta."|6|30 |340|
1130|Falda de res con mostaza sobre pure de coliflor|Falda de res con mostaza sobre pure de coliflor|recetario/falda_de_res_con_mostaza_sobre_pure_de_coliflor|"Para el purÃ© de coliflor:
En una olla mediana a fuego medio alto, calienta el aceite y cocina la cebolla y la coliflor. Agrega el Sazonador MAGGI Sazonatodo Â® y
continÃºa cocinando por cinco minutos, hasta que estÃ©n doradas.
Vierte agua suficiente hasta cubrir la coliflor y deja que hierva durante veinte minutos o hasta que la coliflor se ablande. Retira del fuego y
cuela la coliflor, reservando una taza del lÃ­quido de la cocciÃ³n. Licua la coliflor con media taza de este lÃ­quido hasta obtener un purÃ©. Si es necesario, adiciona mÃ¡s lÃ­quido. Sazona con jugo de limÃ³n al gusto. Reserva.
Para la falda de res:
En un recipiente mediano mezcla muy bien el Caldo con Costilla Maggi Â® Doble Gusto, la mostaza de Dijon, el aceite de oliva, el ajo y la pimienta negra para hacer la marinada. Seca la carne con papel absorbente de cocina y ponla en el recipiente con la marinada, Ãºntala
bien y resÃ©rvala por 20 minutos.
Calienta una plancha o sartÃ©n grande a fuego alto y cocina la carne sobre la plancha de tres a cuatro minutos por cada lado. Rectifica la
sazÃ³n con sal y pimienta al gusto.
Retira de la sartÃ©n, coloca la carne sobre una tabla de cortar y tÃ¡pala con papel de aluminio por cinco minutos antes de cortar para que quede jugosa. Corta la carne en tajadas de forma diagonal y sirve acompaÃ±ada con el purÃ© de coliflor. Puedes decorar con ramitas de romero."|6|45 |920|
1131|Pechuga de pavo rellena de ciruelas, nueces y jamon|Pechuga de pavo rellena de ciruelas, nueces y jamon|recetario/pechuga_de_pavo_rellena_de_ciruelas__nueces_y_jamon|"Precalienta el horno a 225 Â°C (420 Â°F).
Con una piedra o martillo de cocina aplasta la pechuga de pavo (o las de pollo), con la piel hacia abajo, hasta que tenga dos centÃ­metros
de grosor.
Extiende las tajadas de jamÃ³n sobre la pechuga de manera uniforme. Encima coloca las ciruelas en el centro de la pechuga en fila y espolvorea las nueces trituradas. Deshoja seis ramitas de tomillo y pon las hojitas sobre las ciruelas. Enrolla bien la pechuga empezando con el borde mÃ¡s largo y forma un rollo. Amarra bien la pechuga con hilo de cocina y mete las ramitas de tomillo restante debajo del hilo de cocina (si armas las pechugas de pollo, hazlo de la misma manera repartiendo en dos los ingredientes). Espolvorea con el Sazonador MAGGI SazonatodoÂ®.
En un molde refractario (con el borde alto), organiza las cebollas ocaÃ±eras y bÃ¡Ã±alas con el aceita de oliva. Coloca el rollo de pavo en el centro y lleva al horno por 45 minutos o hasta que la piel estÃ© dorada y el pavo completamente cocinado. En caso de que el pavo empiece a dorarse muy rÃ¡pido, puedes cubrir con papel aluminio para que se cocine por dentro.
Retira el pavo del horno y transfiÃ©relo a una tabla junto con las cebollitas. Vierte el Caldo de Gallina MAGGIÂ® y el vino sobre el molde efractario y ponlo a cocinar sobre la estufa a fuego alto. Deja que hierva y revuelve constantemente para que suelte toda la sustancia del pavo y las cebollitas. Reduce la temperatura y sigue cocinando por cuatro minutos o hasta que la salsa espese. Retira del fuego, cuela la salsa y viÃ©rtela en una olla pequeÃ±a. AÃ±ade la mantequilla y cocina a fuego medio alto por un minuto. Corta el rollo de pavo en tajadas y sirve acompaÃ±ado de las cebollitas asadas y la salsa."|6|45 |610|
1132|Hamburguesas de pollo|Hamburguesas de pollo|recetario/hamburguesas_de_pollo|"En un recipiente hondo mezcla el pollo molido, el Sazonador MAGGI SAZONATODOÂ® y el Cereal FITNESSÂ® triturado. Rectifica la sazÃ³n con sal y pimienta al gusto. Con la mezcla forma seis hamburguesas.
En una sartÃ©n antiadherente calienta el aceite y cocina a fuego medio las hamburguesas durante diez minutos por cada lado. Una vez estÃ©n listas, coloca una tajada de queso encima de cada una y deja que se derrita un poco. Retira del fuego.
Unta cada pan con una cucharada de mayonesa y arma cada hamburguesa con una tajada de tomate y una hoja de lechuga"|6|30 |560|
1133|Pollo dorado y jugoso con salsas de mango y de yogur|Pollo dorado y jugoso con salsas de mango y de yogur|recetario/pollo_dorado_y_jugoso_con_salsas_de_mango_y_de_yogur|"Precalienta el horno a 200 Â°C (400 Â°F).
Lava bien el pollo y sÃ©calo. Introduce el limÃ³n dentro de la cavidad del pollo. Ãntalo con la base para el pollo al pimentÃ³n Dorado y Jugoso MAGGIÂ® y mÃ©telo dentro de la bolsa siguiendo las instrucciones del paquete.
Hornea por una hora y 15 minutos. Saca del horno, corta la bolsa y retira el pollo.
Para el chutney de mango:
En una sartÃ©n mediana a fuego medio calienta el aceite de oliva por un minuto. AÃ±ade el purÃ© de mango licuado, el vinagre, el azÃºcar (si
es necesario) y el Sazonador MAGGI Sazonatodo Â®. Cocina por cinco minutos hasta que espese bien. Reserva.
Para la salsa de yogur:
En un recipiente pequeÃ±o mezcla bien el yogur con el cilantro, el pepino, el comino y el Sazonador MAGGI Sazonatodo Â®. Reserva.
Sirve el pollo dorado y jugoso en una bandeja y acompaÃ±a con las salsas.
AcompaÃ±a con la mezcla para hacer tÃ© frÃ­o NESTEAÂ® sabor a limÃ³n."|6|30 |690|
1134|Pescado apanado con salsa de uchuva y repollo morado|Pescado apanado con salsa de uchuva y repollo morado|recetario/pescado_apanado_con_salsa_de_uchuva_y_repollo_morado|"Pon los filetes de tilapia en un molde. Aparte, en un recipiente pequeÃ±o revuelve bien dos cucharadas de aceite de oliva, el ajo, el perejil, una cucharada de vinagre y el Sazonador MAGGI SazonatodoÂ®. Vierte esta mezcla sobre los filetes, asegÃºrate de que queden muy bien untados y reserva por diez minutos en la nevera.
En una sartÃ©n mediana calienta el aceite de oliva restante a fuego medio. AÃ±ade la cebolla y cocina por tres minutos. Agrega la hojita de laurel, la pimienta y el repollo. Vierte el agua, sazona con sal y pimienta al gusto y cocina por diez minutos hasta que el repollo suavice un
poco. Adiciona el resto del vinagre, el azÃºcar y cocina por dos minutos mÃ¡s. Reserva aparte.
Mientras tanto, en una olla pequeÃ±a a fuego medio bajo calienta la mermelada de uchuva con el vino blanco sin dejar que hierva. Revuelve
bien y reserva. Si es necesario agrega un poco de agua para que la salsa suelte.
En un plato grande extiende las migas de cereal y pasa cada uno de los filetes, asegurÃ¡ndote de que el pescado quede bien cubierto. En
una sartÃ©n grande calienta la mitad de la mantequilla a fuego bajo y cocina los tres filetes durante tres minutos por cada lado, hasta que el
cereal estÃ© dorado y el pescado cocinado. Repite este procedimiento con los otros tres filetes.
Sirve el pescado sobre el repollo morado y baÃ±a con la salsa de uchuva."|6|45 |410|
1135|Pasta corta con salsa cremosa, trucha ahumada y arvejas|Pasta corta con salsa cremosa, trucha ahumada y arvejas|recetario/pasta_corta_con_salsa_cremosa__trucha_ahumada_y_arvejas|"Cocina la pasta siguiendo las instrucciones del paquete y aÃ±ade las arvejas al agua un minuto antes de que la pasta se termine de cocinar.
Retira del fuego, escurre y reserva (rocÃ­a con el aceite de oliva la pasta para evitar que se pegue).
En una olla mediana vierte media taza de Leche KLIMÂ®, agrega la harina y cocina a fuego medio revolviendo bien con un batidor manual hasta que se formen unos pequeÃ±os grumos de harina. Vierte el resto de la Leche KLIMÂ® y sigue revolviendo hasta que los grumos se disuelvan. AÃ±ade la Crema de Leche NESTLÃÂ® y sal y pimienta al gusto. Cocina por cinco minutos o hasta que la salsa espese bien. Retira del fuego, aÃ±ade el queso crema y continÃºa revolviendo hasta que el queso se derrita e incorpore.
Mezcla la pasta con la salsa, aÃ±ade el jugo de limÃ³n y la trucha ahumada. Espolvorea con la ralladura de limÃ³n y sirve inmediatamente.
AcompaÃ±a con la mezcla para hacer tÃ© frÃ­o NESTEAÂ® sabor a naranja"|6|45 |590|
1136|Canelones rellenos de espinaca con salsa de tomates|Canelones rellenos de espinaca con salsa de tomates|recetario/canelones_rellenos_de_espinaca_con_salsa_de_tomates|"Precalienta el horno a 190 Â°C (360 Â°F). En un recipiente mediano mezcla la mitad del queso parmesano, la ricotta, el queso doble crema, el
jugo y la ralladura de limÃ³n, las espinacas, las nueces, la hierbabuena, el Sazonador MAGGI SazonatodoÂ® y la pimienta al gusto hasta que
incorporen.
Cocina los canelones siguiendo las instrucciones del paquete. EscÃºrrelos y vierte dos cucharadas de aceite de oliva sobre los canelones
para evitar que se peguen. Reserva.
Prepara el sobre de Crema de Tomate MAGGIÂ® siguiendo las instrucciones del paquete. Aparte, en una sartÃ©n mediana a fuego medio alto calienta el resto del aceite de oliva y cocina la cebolla, el ajo y el orÃ©gano por cuatro minutos. Sazona con sal y pimienta al gusto. AÃ±ade los tomates y sigue cocinando durante cuatro minutos mÃ¡s. Vierte la Crema de Tomate MAGGIÂ® preparada en la sartÃ©n con la cebolla y el tomate y revuelve bien hasta que adquiera una consistencia de salsa. Reserva.
Arma los canelones rellenando cada uno con unas tres cucharadas de la mezcla de quesos y espinaca. Organiza los canelones en un molde refractario y vierte encima la salsa de tomate. Espolvorea con el queso parmesano restante y cubre con papel de aluminio. Lleva al horno por 15 minutos, destapa el molde y hornea durante diez minutos mÃ¡s hasta que dore el queso."|8|40 |570|
1137|Berenjenas con tomate y perejil fresco|Berenjenas con tomate y perejil fresco|recetario/berenjenas_con_tomate_y_perejil_fresco|"Con un cuchillo afilado, corta la parte de arriba y de abajo de las berenjenas. Con la ayuda de un pelapapas, pela unas cuatro tiras de la cÃ¡scara de las berenjenas a lo largo, dejando las berenjenas a rayas. Corta las berenjenas en tajadas redondas, espolvorÃ©alas con sal marina, ponlas sobre un colador y dÃ©jalas reposar por 20 minutos. Pasa las berenjenas por agua y escÃºrrelas bien. Seca con papel de cocina absorbente y reserva.
Sobre una tabla para cortar, usando la punta de un cuchillo, o en un mortero, macera los ajos con una cucharadita de Sazonador MAGGI
Sazonatodo Â®, hasta obtener una pasta.
En una sartÃ©n grande calienta media taza de aceite a fuego medio alto y dora las tajadas de berenjena, en varias tandas, por ambos lados
(cuatro minutos en total). Retira del aceite y escurre sobre papel de cocina absorbente. Pon las berenjenas en un recipiente mediano, agrega la pasta de ajo, dos cucharadas de perejil, dos cucharadas de cilantro, la pÃ¡prika, el comino y la pimienta al gusto. Con la ayuda de un tenedor macera y mezcla todos los ingredientes hasta obtener un purÃ©. En la misma sartÃ©n grande calienta el aceite restante a fuego medio. AÃ±ade los tomates en cubo, una cucharadita de Sazonador MAGGI Sazonatodo Â®
y el azÃºcar y cocina por cinco minutos, hasta que el lÃ­quido se evapore. Agrega el purÃ© de berenjenas y cocina a fuego bajo, revolviendo bien, hasta que la mezcla estÃ© bien espesa, por 15 minutos. Retira del fuego, aÃ±ade el jugo de limÃ³n y espolvorea con el resto del perejil y cilantro."|4|45 |380|
1138|Helado de banano con galletas cocosetteÂ® y chocolate|Helado de banano con galletas cocosetteÂ® y chocolate|recetario/helado_de_banano_con_galletas_cocosetteÂ®_y_chocolate|"En un recipiente mediano macera con un tenedor los bananos y el jugo de limÃ³n, hasta que obtengas una mezcla suave. AÃ±ade la Leche condensada La LecheraÂ®, el yogur, los trocitos de Chocolate con Leche NESTLÃ ClassicÂ® y revuelve bien. Agrega la Crema de Leche
NESTLÃÂ®, las claras de huevo batidas, el ron y mezcla hasta que todos los ingredientes estÃ©n bien incorporados.
Vierte la mezcla en un molde mediano y lleva al congelador por seis horas. Ten en cuenta que debes retirar el helado del congelador y revolverlo cada 30 minutos para que quede bien cremoso. DespuÃ©s de los primeros 30 minutos (cuando saques el helado por primera vez)
agrega las Galletas CocosetteÂ® Wafer partidas en trocitos.
Puedes servir el helado decorado con tajadas de banano fresco."|16|15 |360|
1139|Troncos de chocolate con masmelos y MacarenaÂ®|Troncos de chocolate con masmelos y MacarenaÂ®|recetario/troncos_de_chocolate_con_masmelos_y_macarenaÂ®|"Forra bien una lata para hornear con papel mantequilla.
En un recipiente de vidrio o acero inoxidable pon el Chocolate con Leche NESTLÃ ClassicÂ®. Coloca el recipiente sobre una olla mediana con agua hasta la mitad a fuego medio. Revuelve el chocolate hasta que se derrita y estÃ© suave. AÃ±ade media taza de Masmelos blancos
FoxÂ®, media taza de Galletas Maca rena Â®, y un cuarto de taza de nueces al chocolate derretido. Revuelve muy bien y vierte la mezcla sobre la lata preparada, esparciendo el chocolate con una espÃ¡tula.
Espolvorea el chocolate con la sal marina y los masmelos, las galletas y las nueces restantes. Lleva a la nevera durante una hora hasta que
el chocolate endurezca.
Retira la lata de la nevera y despega el chocolate cuidadosamente. Parte el chocolate en trozos grandes e irregulares. Puedes guardarlos
en bolsas selladas o en un recipiente hermÃ©tico en la nevera hasta por dos semanas."|10|15 |300|
1140|Enjambres de chocolate con cereal FITNESSÂ®|Enjambres de chocolate con cereal FITNESSÂ®|recetario/enjambres_de_chocolate_con_cereal_fitnessÂ®|"Derrite al baÃ±o de MarÃ­a el Chocolate con Leche NESTLÃ CLASSICÂ® junto con la Leche KLIMÂ®. Incorpora las almendras.
Retira del fuego y adiciona el Cereal FITNESSÂ® Yoghurt. Mezcla con una espÃ¡tula hasta que el cereal estÃ© completamente cubierto con el chocolate. Con la ayuda de una cuchara forma los enjambres y organÃ­zalos sobre una bandeja cubierta con papel parafinado o papel plÃ¡stico transparente.
Deja reposar a temperatura ambiente hasta que se endurezcan"|10|15 |230|
1141|Pan de maÃ­z con moras|Pan de maÃ­z con moras|recetario/pan_de_maiz_con_moras|"Precalienta el horno a 190 0C (375 0F) y engrasa una lata de pan rectangular grande. En una olla pequeÃ±a derrite la mantequilla, dÃ©jala
enfriar y reserva.
Aparte, en un recipiente grande mezcla bien la harina, el polvo para hornear, la harina de maÃ­z y la sal. Reserva.
En otro recipiente, con ayuda de un batidor manual, bate la Leche Condensada LA LECHERAÂ®, la mantequilla derretida y las yemas hasta que incorporen. Usando una espÃ¡tula, vierte esta mezcla sobre los ingredientes secos y continÃºa revolviendo hasta obtener una masa homogÃ©nea. Incorpora la Leche KLIMÂ® preparada y aÃ±ade las moras. Vierte la mezcla en el molde y espolvorea el pan con un poco
de azÃºcar al gusto.
Lleva al horno por 45 minutos o hasta que el pan estÃ© dorado y al insertar en el centro un cuchillo, este salga limpio.
Sirve acompaÃ±ado con mezcla para preparar cafÃ© NESCAFÃÂ® CafÃ© con Leche."|12|60 |300|
1142|Tostadas de crema de queso y aguacate|Tostadas de crema de queso y aguacate|recetario/tostadas_de_crema_de_queso_y_aguacate|"Tuesta los panes en el horno o en una plancha, teniendo cuidado de que no se vayan a quemar.
Mientras tanto, en un recipiente pequeÃ±o mezcla con un tenedor la Crema de Leche NESTLÃÂ® con el quesito y media cucharadita de Sazonador MAGGI SAZONATODOÂ®. Sazona con pimienta al gusto y reserva.
Aparte, en otro recipiente, con la ayuda de un tenedor, macera el aguacate, aÃ±ade el limÃ³n y el Sazonador MAGGI SAZONATODOÂ® restante. Mezcla hasta que incorpore y formes un purÃ©.
Pon los panes tostados sobre una tabla y con un cuchillo de sierra cÃ³rtales los bordes. Unta cuatro tajadas con la crema de queso y las otras cuatro con el purÃ© de aguacate. Parte las tostadas a la mitad, en diagonal, para formar triÃ¡ngulos.
Para terminar, a las tostadas con crema de queso cÃºbrelas con tajadas de rÃ¡bano con un poco de cebollÃ­n o con tajaditas de manzana. A las tostadas con aguacate espolvorÃ©ales un poco de pimienta y decora con hojitas de cilantro.
AcompaÃ±a con CafÃ© NESCAFÃÂ® TradiciÃ³n."|8|15 |170|
1143|PudÃ­n de pan t chocolate|PudÃ­n de pan t chocolate|recetario/pudin_de_pan_t_chocolate|"Precalienta el horno a 180 0C (350 0F). Engrasa un molde refractario de 20 x 20 centÃ­metros y pon dentro de este los trozos de pan y los trocitos de Chocolate con Leche NESTLÃ CLASSICÂ®. AsegÃºrate de que el chocolate quede repartido por todas partes, encima y debajo
de los trozos de pan.
En un recipiente grande mezcla los huevos y las yemas con la panela molida hasta que la mezcla estÃ© cremosa. AÃ±ade la Crema de Leche NESTLÃÂ®, el agua, la esencia de vainilla y la sal. Revuelve bien, vierte esta mezcla sobre el molde con el pan y espera unos 10 minutos para asegurarte de que el pan absorba bien el lÃ­quido.
Espolvorea la canela y el azÃºcar moreno y lleva al horno de 45 a 50 minutos, o hasta que al insertar un cuchillo, este salga limpio.
Deja enfriar antes de cortar y sirve tibio acompaÃ±ado con CafÃ© NESCAFÃÂ® DOLCAÂ®."|12|10 |320|
1144|Bolitas de pandequeso|Bolitas de pandequeso|recetario/bolitas_de_pandequeso|"Precalienta el horno a 200 0C (400 0F) y engrasa una lata o un molde para muffins. Licua todos los ingredientes en una licuadora hasta obtener una masa suave. AsegÃºrate de limpiar con una espÃ¡tula los lados de la licuadora.
Vierte la mezcla en cada hueco de la lata de muffins y hornea entre 15 y 20 minutos, hasta que las bolitas se inflen y estÃ©n doradas. Sirve las bolitas de pandequeso calientes y acompÃ¡Ã±alas con la mezcla para preparar cafÃ© NESCAFÃÂ® CafÃ© con Leche."|8|30 |190|
1145|Tiras de arepa gratinadas con tomate y oregano|Tiras de arepa gratinadas con tomate y oregano|recetario/tiras_de_arepa_gratinadas_con_tomate_y_oregano|"Precalienta el horno a 180 0C (350 0F). Asa las arepas como lo haces normalmente hasta que estÃ©n doradas. Ponlas sobre una tabla de cocina y corta cada una en tres tiras largas.
Pon las tiras de arepa sobre una lata para hornear y encima de cada una distribuye las rodajas de tomate, espolvorea con el orÃ©gano seco y el Sazonador MAGGI SAZONATODOÂ® y cubre con el queso. Lleva al horno por 10 minutos, o hasta que el queso se derrita y dore.
AcompaÃ±a con mezcla para preparar cafÃ© NESCAFÃÂ® Cappuccino"|6|30 |50|
1146|Torticas con relleno de uchuvas y crema|Torticas con relleno de uchuvas y crema|recetario/torticas_con_relleno_de_uchuvas_y_crema|"Precalienta el horno a 200 0C (400 0F). En un recipiente mezcla con un tenedor la harina, dos cucharadas de azÃºcar, el polvo para hornear y la sal. AÃ±ade la mantequilla y presiona con el tenedor hasta que los ingredientes se incorporen bien y obtengas bolitas pequeÃ±as.
Aparte, en un recipiente bate los huevos con la mitad de la lata de Crema de Leche NESTLÃÂ® (reserva dos cucharadas de esta mezcla para untarla sobre las torticas antes de meter en el horno). Vierte la mezcla de huevo sobre la mezcla de harina y revuelve bien hasta obtener una masa consistente. Si la masa queda muy seca, agrega mÃ¡s crema de leche.
Pon la masa sobre una superficie cubierta de harina y asegÃºrate de que puedas formar una bola consistente. Estira la masa hasta obtener
un cÃ­rculo de tres centÃ­metros de espesor. Usando un vaso o molde de galletas circular, corta 8 cÃ­rculos y ponlos sobre una lata sin engrasar.
Con la ayuda de una brocha, Ãºntalos con la mezcla de huevo y crema que tienes reservada y espolvorea con la cucharada de azÃºcar
restante. Hornea por 15 minutos o hasta que los panes se doren.
Mientras tanto, en una olla pequeÃ±a calienta a fuego bajo la mermelada de uchuvas, las uchuvas frescas y cuatro cucharadas de agua por 10 minutos o hasta que obtengas una consistencia de salsa. Corta los panecillos todavÃ­a tibios por la mitad y sÃ­rvelos con dos cucharadas del relleno de uchuvas y una cucharada de la Crema de Leche NESTLÃÂ® restante. AcompaÃ±a con CafÃ© NESCAFÃÂ® TradiciÃ³n."|8|30 |367|
1147|Pancitos rellenos de huevo, espinaca y champinones|Pancitos rellenos de huevo, espinaca y champinones|recetario/pancitos_rellenos_de_huevo__espinaca_y_champinones|"Precalienta el horno a 180 0C (350 0F). Engrasa un molde refractario rectangular. En una sartÃ©n grande calienta el aceite a fuego medio. Cocina los champiÃ±ones por 5 minutos, o hasta que doren. AÃ±ade la espinaca y cocina por 1 minuto mÃ¡s. Sazona con sal y pimienta al gusto y reserva.
Con tus dedos, Ã¡brele a cada pancito un hueco que sea lo suficientemente grande para poderlo rellenar con el huevo y ponlos en el molde.
En un recipiente mediano, con la ayuda de un batidor manual, bate muy bien los huevos, agrÃ©gales cuatro cucharadas de Crema de Leche NESTLÃÂ®, el Sazonador MAGGI SAZONATODOÂ® y el queso rallado. ContinÃºa batiendo y aÃ±ade la mezcla de champiÃ±ones y espinaca. Termina de incorporar con una cuchara de madera.
Con una cuchara de sopa, vierte dos a tres cucharadas de la mezcla dentro de cada pan. Si te sobra mezcla, viÃ©rtela sobre los panes y lleva al horno por 15 minutos, o hasta que el huevo estÃ© totalmente cocinado y dorado.
Mientras tanto, revuelve la Crema de Leche NESTLÃÂ® restante con la mostaza de Dijon. Sirve los huevos acompaÃ±ados de la salsa de crema y mostaza.
AcompaÃ±a con CafÃ© NESCAFÃÂ® DOLCA"|8|30 |280|
1148|Avena caliente con cereal y uvas|Avena caliente con cereal y uvas|recetario/avena_caliente_con_cereal_y_uvas|"En una olla grande, a fuego medio, vierte la Leche KLIMÂ® y el agua. Agrega el azÃºcar, la avena, la esencia de vainilla, la astilla de canela, la canela en polvo y la sal. Revuelve bien para que el azÃºcar se disuelva. Cocina por unos 10 minutos o hasta que la avena estÃ© blanda
y un poco espesa. Apaga el fuego.
Sirve en platos hondos y encima de cada porciÃ³n distribuye el Cereal FITNESSÂ® Fruits y las uvas. Puedes servirla caliente o tibia.
AcompaÃ±a con MILOÂ® preparado frÃ­o"|6|20 |300|
1149|Pancakes con cereal y salsa de frutos rojos|Pancakes con cereal y salsa de frutos rojos|recetario/pancakes_con_cereal_y_salsa_de_frutos_rojos|"En una olla pequeÃ±a calienta los frutos rojos con un tercio de taza de azÃºcar a fuego medio bajo, por unos 5 minutos o hasta que la fruta ablande y el azÃºcar se disuelva. Revuelve bien para que la fruta no se pegue. Retira del fuego y reserva.
En un recipiente mediano revuelve la harina de trigo, la harina de maÃ­z, el bicarbonato, las dos cucharadas de azÃºcar restante y la sal. Vierte los huevos y la Leche KLIMÂ® y revuelve bien hasta que la mezcla se incorpore. AÃ±ade el Cereal FITNESSÂ®.
Calienta una sartÃ©n mediana a fuego medio y aÃ±ade media cucharada de mantequilla hasta que se derrita. Vierte dos cucharadas de la mezcla en la sartÃ©n para formar el pancake y cocÃ­nalo por unos 30 segundos por cada lado. Transfiere el pancake a un plato y repite el
procedimiento hasta terminar con la mezcla.
Sirve dos pancakes en cada plato y vierte unas tres cucharadas de salsa de frutos rojos.
AcompaÃ±a con mezcla para preparar cafÃ© NESCAFÃÂ® CafÃ© con Leche o mezcla para preparar tÃ© NESTEAÂ® sabor a Naranja"|8|25 |250|
1150|Hamburguesitas de pollo|Hamburguesitas de pollo|recetario/hamburguesitas_de_pollo|"En un recipiente mediano mezcla el pollo molido, la mayonesa, tres cucharadas de cebolla larga, una cucharadita de curry y tres cucharadas del cilantro. Sazona con el Sazonador MAGGI SAZONATODOÂ® y pimienta al gusto. Mezcla bien hasta que todos los ingredientes queden incorporados. Arma 12 hamburguesas de aproximadamente 5 centÃ­metros de diÃ¡metro.
En una sartÃ©n grande calienta a fuego medio alto el aceite y asa las hamburguesas durante 3 minutos por cada lado o hasta que queden
doradas y bien cocinadas.
Mientras tanto, en un recipiente pequeÃ±o mezcla la Crema de Leche NESTLÃÂ® con la cebolla larga, el curry y el cilantro restantes. Incorpora la salsa de tomate y el jugo de limÃ³n y continÃºa revolviendo bien con un tenedor. Rectifica la sazÃ³n con Sazonador MAGGI SAZONATODOÂ® y pimienta al gusto.
Abre los pancitos por la mitad y pon las hamburguesas de pollo en medio de cada pan con un trozo de hoja de lechuga.
AcompaÃ±a con la salsa de curry. Puedes envolver las hamburguesas con papel aluminio o papel mantequilla."|12|30 |160|
1151|Dip de frijolitos con verduras y dip de vainilla con frutas|Dip de frijolitos con verduras y dip de vainilla con frutas|recetario/dip_de_frijolitos_con_verduras_y_dip_de_vainilla_con_frutas|"Para el dip de frijolitos:
En un recipiente pequeÃ±o, o en un procesador de alimentos, mezcla los frÃ­joles con el jugo de limÃ³n, media lata de Crema de Leche NESTLÃÂ® y el Sazonador MAGGI SAZONATODOÂ®.
AcompaÃ±a con palitos de zanahoria y de apio y Galletas SALTINASÂ® DORÃÂ®.
Para el dip de vainilla:
En otro recipiente pequeÃ±o mezcla la Crema de Leche NESTLÃÂ®,la Leche Condensada LA LECHERAÂ® y el queso crema. Adiciona el jugo de limÃ³n, la esencia de vainilla y una pizca de sal.
AcompaÃ±a con frutas y Galletas MACARENAÂ®.
Para la lonchera, empaca una porciÃ³n de cada uno de los dips en contenedores diferentes. Aparte empaca los palitos de apio y zanahoria y en otro contenedor la fruta."|7|15 |160|
1152|Galletas de cereal con almendras|Galletas de cereal con almendras|recetario/galletas_de_cereal_con_almendras|"Precalienta el horno a 180 0C (350 0F) y engrasa dos latas para galletas. En un recipiente mediano mezcla las almendras o nueces trituradas, la avena molida, el Cereal FITNESSÂ®, la canela y la sal. AÃ±ade el aceite y la Leche Condensada LA LECHERAÂ® y revuelve muy bien hasta que todos los ingredientes se incorporen.
Con la mezcla, arma bolitas de unos 5 centÃ­metros de diÃ¡metro y ponlas en las latas de galletas, dejando 3 centÃ­metros entre cada galleta
para que no se peguen. Presiona con tu dedo en el centro de cada bolita para formar un pequeÃ±o hueco. Rellena cada hueco con un poquito de mermelada y hornea las galletas de 15 a 20 minutos, hasta que estÃ©n doradas."|30|30 |180|
1153|Ensaladita de atun con pasas y manzanas|Ensaladita de atun con pasas y manzanas|recetario/ensaladita_de_atun_con_pasas_y_manzanas|"Abre las latas y pon el atÃºn en un colador hasta que suelte toda el agua.
En un recipiente mediano, mezcla el atÃºn con la Crema de Leche NESTLÃÂ® y el jugo de limÃ³n usando un tenedor.
AsegÃºrate de que incorpore bien, sazona con el Sazonador MAGGI SAZONATODOÂ® y aÃ±ade el apio, el perejil, las pasas y la manzana.
Revuelve nuevamente.
Empaca una porciÃ³n de ensalada en un recipiente hermÃ©tico y acompaÃ±a con SALTINASÂ® Mantequilla.
TambiÃ©n puedes usar esta mezcla para hacer sÃ¡ndwiches con pan tajado."|6|15 |260|
1154|Tarritos de frutas con crema de almendras|Tarritos de frutas con crema de almendras|recetario/tarritos_de_frutas_con_crema_de_almendras|"En un recipiente mediano mezcla la Crema de Leche NESTLÃÂ® con el yogur, la esencia de almendras, la miel de abejas y la sal. Revuelve
hasta que obtengas una consistencia cremosa. Reserva.
Alista los tarritos de vidrio o plÃ¡stico con tapa y en el fondo de cada uno reparte el Cereal FITNESSÂ® Miel y Almendras. Forma la siguiente capa con los cubos de fruta y sigue con una capa de la crema de almendras.
Espolvorea con las almendras tostadas y el coco tostado. Cierra los tarritos con su tapa y mete en la lonchera"|6|15 |228|
1155|Minialbondigas con salsita barbecue cremosa|Minialbondigas con salsita barbecue cremosa|recetario/minialbondigas_con_salsita_barbecue_cremosa|"En un recipiente mediano mezcla la carne de res molida con el CALDO RICOÂ® y el ajonjolÃ­, asegurÃ¡ndote de que se incorporen bien.
Forma bolitas de carne de 2 centÃ­metros de diÃ¡metro.
En una sartÃ©n grande calienta el aceite a fuego medio alto y cocina la mitad de las albÃ³ndigas de 3 a 5 minutos, hasta que queden doradas y totalmente cocinadas. Repite el proceso con el resto de las albÃ³ndigas.
Mientras tanto, en un recipiente pequeÃ±o mezcla la Crema de Leche NESTLÃÂ® con la salsa barbecue y el jugo de limÃ³n. Sazona con sal y
pimienta al gusto.
Sirve las albÃ³ndigas con la salsa."|18|15 |123|
1156|Sopa de pescado estilo thai|Sopa de pescado estilo thai|recetario/sopa_de_pescado_estilo_thai|"Corta los filetes de pescado en cubitos de 2 centÃ­metros. Reserva en la nevera junto con los camarones.
En una olla grande calienta el aceite de oliva a fuego medio y cocina la cebolla con el ajo, los jalapeÃ±os y la ralladura de limÃ³n por 5 minutos. Agrega el Caldo de Gallina MAGGIÂ® preparado, revuelve muy bien y deja que la sopa hierva a fuego medio alto. Reduce la
temperatura a fuego medio y agrega el jugo de limÃ³n, la salsa soya, el pescado y los camarones.
Cocina durante 3 minutos hasta que el pescado se empiece a cocinar y luego retira del fuego. El pescado se terminarÃ¡ de cocinar en el caldo caliente. Sirve la sopa en tazas grandes y espolvorea el cilantro.
AcompaÃ±a con arroz blanco o arroz con coco."|6|30 |260|
1157|Sopa de pollo con quinua y verduras|Sopa de pollo con quinua y verduras|recetario/sopa_de_pollo_con_quinua_y_verduras|"En una olla grande calienta dos cucharadas de aceite a fuego medio. Espolvorea las pechugas de pollo con el Sazonador MAGGI
SAZONATODOÂ® y dÃ³ralas 2 minutos por cada lado. Retira el pollo y reserva sobre un plato. Calienta el resto del aceite en la misma olla y cocina la cebolla, el ajo, la zanahoria y el apio por 4 minutos.
Agrega el Caldo MAGGI DOBLE GUSTOÂ® Verduras preparado y revuelve bien. AÃ±ade la quinua y cocina por 8 minutos a fuego alto hasta
que la sopa hierva. Adiciona las pechugas, reduce la temperatura y cocina a fuego medio bajo por 3 minutos mÃ¡s. Retira las pechugas de
la sopa, desmenÃºzalas con un tenedor y reserva. Agrega el calabacÃ­n y cocina por 3 minutos mÃ¡s. Por Ãºltimo, aÃ±ade el pollo desmenuzado, el jugo de limÃ³n y el cilantro fresco.
Sirve en platos de sopa con mÃ¡s cilantro fresco."|6|35 |500|
1158|Crema de zanahoria marroquÃ­|Crema de zanahoria marroquÃ­|recetario/crema_de_zanahoria_marroqui|"En una olla grande derrite la mantequilla a fuego medio alto y saltea la cebolla por 2 minutos. AÃ±ade la zanahoria y el comino y revuelve bien. Vierte el CALDO RICOÂ® preparado y cocina hasta que hierva el caldo. Reduce la temperatura, tapa la olla y cocina a fuego lento
por 20 minutos, hasta que las zanahorias ablanden. Retira del fuego y deja que la sopa se enfrÃ­e por 10 minutos.
Licua la sopa en varias tandas y vierte la sopa licuada nuevamente en la olla. AÃ±ade el jugo de limÃ³n y rectifica de nuevo la sazÃ³n con
sal y pimienta al gusto. AÃ±ade la Crema de Leche NESTLÃÂ®, incorpora y sirve inmediatamente."|4|35 |210|
1159|Tazon de arroz con carne, verduras y huevo|Tazon de arroz con carne, verduras y huevo|recetario/tazon_de_arroz_con_carne__verduras_y_huevo|"Seca las tiras de carne con papel de cocina y sazona con sal y pimienta al gusto. Reserva.
En una sartÃ©n grande calienta una cucharada de aceite a fuego medio alto y sofrÃ­e la zanahoria por 1 minuto hasta que empiece a dorar. Agrega un cuarto de taza de Caldo MAGGI DOBLE GUSTOÂ® Gallina preparado y revuelve bien, hasta que el caldo se absorba casi por completo. Reserva la zanahoria.
En la misma sartÃ©n calienta una cucharada de aceite a fuego medio y sofrÃ­e las espinacas y el ajo por 1 minuto, aÃ±ade un cuarto de taza
de caldo, revuelve bien y reserva.
En la misma sartÃ©n calienta dos cucharadas de aceite a fuego medio alto y sofrÃ­e las tiras de carne durante 1 minuto por cada lado y reserva.
En el fondo de cada tazÃ³n pon una porciÃ³n de arroz caliente y encima reparte en montoncitos la zanahoria, las raÃ­ces y las espinacas, dejando un espacio para la carne. Distribuye las tajadas de carne entre los tazones.
En la misma sartÃ©n, usando el aceite restante, frita, uno a uno, los huevos, dejando la yema blanda. Pon un huevo frito sobre cada tazÃ³n,
espolvorea con ajonjolÃ­ y sirve con un poco de ajÃ­."|6|35 |650|
1160|Pasta con ragu de pollo|Pasta con ragu de pollo|recetario/pasta_con_ragu_de_pollo|"Sazona el pollo con sal y pimienta al gusto. En una sartÃ©n grande calienta a fuego medio alto el aceite de oliva y sofrÃ­e el pollo durante 3
minutos, hasta que dore. Reserva el pollo en un plato y en la misma sartÃ©n sofrÃ­e la cebolla y el ajo por 2 minutos. AÃ±ade los champiÃ±ones,
el romero y los palmitos. Sazona con sal y pimienta al gusto y cocina revolviendo durante 4 minutos o hasta que los champiÃ±ones empiecen
a dorar.
Agrega el vinagre y cocina hasta que se evapore. Adiciona el pollo, los tomates en su jugo y cocina la salsa por 15 minutos, hasta que empiece a espesar. Vierte la Crema de Leche NESTLÃÂ®, incorpora bien, aÃ±ade las espinacas, revuelve y retira del fuego. Reserva en la sartÃ©n.
Mientras tanto, aparte, en agua hirviendo, cocina la pasta siguiendo las instrucciones del paquete y aÃ±ade el cubo de Caldo de Gallina
MAGGIÂ® al agua de la pasta antes de que esta hierva.
Para finalizar, cuando la pasta estÃ© en su punto, escÃºrrela y agrÃ©gala a la sartÃ©n donde estÃ¡ la salsa. Cocina por 1 minuto mÃ¡s y sirve caliente con queso parmesano."|6|35 |490|
1161|Tilapia en salsa mediterranea|Tilapia en salsa mediterranea|recetario/tilapia_en_salsa_mediterranea|"Prepara la Crema de Tomate MAGGIÂ® siguiendo las instrucciones del paquete, pero utilizando solo tres tazas de agua. Reserva.
En una sartÃ©n grande calienta el aceite a fuego medio y sofrÃ­e los ajos por 2 minutos. AÃ±ade las acelgas y los tomates. Sazona con sal
y pimienta al gusto. ContinÃºa la cocciÃ³n revolviendo bien por unos 5 minutos, hasta que las acelgas empiecen a ablandar y adiciona la
Crema de Tomate MAGGIÂ® preparada.
Sumerge cuidadosamente los filetes de tilapia en la salsa de tomate y cocÃ­nalos de 10 a 12 minutos. Si no logras acomodar todos los filetes,
puedes cocinarlos en tandas. AÃ±ade las alcaparras con su jugo y retira del fuego.
Sirve el pescado con suficiente salsa y decora con las hojas de perejil.
Puedes acompaÃ±ar con arroz o pasta."|6|30 |120|
1162|Pastel de acelgas, palmitos y tocineta|Pastel de acelgas, palmitos y tocineta|recetario/pastel_de_acelgas__palmitos_y_tocineta|"Precalienta el horno a 180 0C (350 0F). Retira la pasta de hojaldre del congelador y prepara un molde refractario redondo grande. En una
sartÃ©n grande cocina la tocineta a fuego medio alto por 4 minutos hasta que dore y resÃ©rvala en un plato cubierto de papel de cocina.
En la misma sartÃ©n deja dos cucharadas de la grasa de la tocineta y a fuego medio cocina la cebolla y el ajo por 3 minutos, hasta que la cebolla empiece a ablandar. AÃ±ade las arvejas, la zanahoria, el tomillo y cocina por 2 minutos mÃ¡s. Agrega la harina, revuelve bien y vierte el CALDO RICOÂ® preparado. Mezcla con una cuchara de madera asegurÃ¡ndote de que todos los ingredientes se incorporen.
AÃ±ade las hojas de acelgas, continÃºa revolviendo hasta que queden sumergidas en el caldo y cocina por 3 minutos. Adiciona los palmitos,
mezcla y vierte la Crema de Leche NESTLÃÂ®. Revuelve bien, aÃ±ade la tocineta y rectifica la sazÃ³n con sal y pimienta al gusto.
Vierte el relleno de verduras al molde refractario. En una superficie enharinada extiende la pasta de hojaldre y corta un cÃ­rculo que cubra
el molde, calculando que te sobren dos centÃ­metros alrededor del molde. Con cuidado, pon el cÃ­rculo de la pasta sobre el relleno de verduras y asegÃºrate de que los bordes de pasta lleguen hasta el borde del molde. Con un cuchillo muy afilado, haz un corte en el centro
de la pasta y lleva al horno por 30 minutos, o hasta que la pasta de hojaldre estÃ© dorada y completamente cocinada."|10|45 |185|
1163|Ensalada de espinacas con fresas, quesito y almendras|Ensalada de espinacas con fresas, quesito y almendras|recetario/ensalada_de_espinacas_con_fresas__quesito_y_almendras|"En la licuadora vierte el vinagre de frutas, media taza de fresas, el aceite de oliva, la mostaza de Dijon y la miel. Licua hasta que los ingredientes incorporen, aÃ±ade el Sazonador MAGGI SAZONATODOÂ®, pimienta al gusto y reserva.
En un recipiente grande vierte la mitad de la vinagreta. Pon las hojas de espinaca sobre la vinagreta y con tus manos revuelve suavemente
hasta que todas las hojas de espinaca se mojen. Si es necesario aÃ±ade mÃ¡s vinagreta.
Sirve la espinaca en platos de ensalada y en cada uno reparte las fresas restantes, los trozos de quesito y las almendras. Para finalizar,
espolvorea el Cereal FITNESSÂ®.
AcompaÃ±a con el resto de la vinagreta"|6|20 |240|
1164|Ensalada de rugula, aguacate, atun y garbanzos|Ensalada de rugula, aguacate, atun y garbanzos|recetario/ensalada_de_rugula__aguacate__atun_y_garbanzos|"En la licuadora pon el jugo de limÃ³n, la miel, el ajo y el CALDO RICOÂ®.
Licua hasta que incorpore, agrega el aceite de oliva, poco a poco, y continÃºa licuando. Reserva.
En una bandeja mezcla la rÃºgula y los garbanzos. Adiciona la vinagreta y revuelve para que se impregnen. AÃ±ade el atÃºn, las tajadas
de aguacate y finaliza con el queso y las hojas de perejil. Sazona con sal y pimienta al gusto"|6|15 |430|
1165|Ensalada de la huerta con vinagreta cremosa de hierbas|Ensalada de la huerta con vinagreta cremosa de hierbas|recetario/ensalada_de_la_huerta_con_vinagreta_cremosa_de_hierbas|"En la licuadora vierte la Crema de Leche NESTLÃÂ® y aÃ±ade el jugo de limÃ³n, la miel, la mostaza de Dijon, el agua, los ajos, el Sazonador MAGGI SAZONATODOÂ®, un cuarto de taza de perejil, un cuarto de taza de cilantro y dos cucharadas de cebollÃ­n. Licua hasta obtener
una consistencia de salsa cremosa. AÃ±ade mÃ¡s agua si es necesario y reserva.
Reparte las tajadas de tomate en los platos de ensalada y luego distribuye los pedazos de huevo duro, las papas, el resto de las hojas de
perejil y cilantro y las tajadas de cebolla. Vierte la vinagreta cremosa de hierbas y termina con las aceitunas. Espolvorea el resto del cebollÃ­n"|6|20 |172|
1166|Batido de pina y leche de coco|Batido de pina y leche de coco|recetario/batido_de_pina_y_leche_de_coco|"En la licuadora licua muy bien los cubos de piÃ±a, el agua, el hielo, la leche de coco, la Crema de Leche NESTLÃÂ®, la Leche Condensada
LA LECHERAÂ®, la pizca de sal y la esencia de coco. ContinÃºa licuando hasta que obtengas una consistencia muy cremosa.
Sirve en vasos medianos.
AcompaÃ±a con Galletas COCOSETTEÂ® SÃ¡ndwich"|8|10 |260|
1167|Frappe de NESTEA frutos rojos con albahaca|Frappe de NESTEA frutos rojos con albahaca|recetario/frappe_de_nestea_frutos_rojos_con_albahaca|"En la licuadora licua el agua con el hielo, la mezcla para preparar tÃ© NESTEAÂ® Exotic Mix Frutos Rojos, las fresas, las moras y la albahaca,
hasta que incorporen y obtengas una bebida con textura de frappÃ©.
Alista los vasos y vierte el frappÃ© hasta llenarlos. Puedes decorar con fresas frescas y hojitas de albahaca.
AcompaÃ±a con Galletas FITNESSÂ® Frutos Rojos"|6|10 |50|
1168|Mojito de NESTEA Limon|Mojito de NESTEA Limon|recetario/mojito_de_nestea_limon|"Alista los vasos y reparte las hojas de hierbabuena o menta. En cada vaso pon un casco de limÃ³n. Con la ayuda de una cuchara de palo,
en cada vaso, macera cuidadosamente las hojas de hierbabuena o menta y el casco de limÃ³n para que suelten su esencia y el limÃ³n,
su jugo. Reserva.
En una jarra mezcla el agua con la soda y la mezcla para preparar tÃ© NESTEAÂ® LimÃ³n. Revuelve muy bien hasta que el NESTEAÂ® LimÃ³n
se disuelva. Reparte el hielo entre los vasos y llÃ©nalos con la mezcla.
Sirve inmediatamente. AcompaÃ±a con Galletas FITNESSÂ® Miel."|6|10 |45|
1169|Salpicon tropical con NESTEA Naranja|Salpicon tropical con NESTEA Naranja|recetario/salpicon_tropical_con_nestea_naranja|"En un recipiente grande mezcla el mango, la papaya y la piÃ±a con cuidado para que la fruta no se deshaga y permanezca fresca. Aparte,
mezcla bien el jugo de naranja con la mezcla para preparar tÃ© NESTEAÂ® sabor a Naranja y viÃ©rtelo sobre las frutas. Revuelve con una
cuchara grande.
Alista copas altas y en el fondo de cada una pon una cucharada de Crema de Leche NESTLÃÂ®. Llena las copas con el salpicÃ³n y decora
con un poco mÃ¡s de Crema de Leche NESTLÃÂ®.
AcompaÃ±a con Galletas COCOSETTEÂ®"|6|20 |180|
1170|Agua de tamarindo y NESTEA Durazno|Agua de tamarindo y NESTEA Durazno|recetario/agua_de_tamarindo_y_nestea_durazno|"Reparte el hielo en los vasos. En la licuadora licua el agua, la pulpa de tamarindo y la mezcla para preparar tÃ© NESTEAÂ® sabor a Durazno
hasta que quede muy bien incorporado.
Vierte en los vasos con hielo.
AcompaÃ±a con Galletas LA LECHERAÂ® SÃ¡ndwich"|6|10 |70|
1171|Brownies de espresso|Brownies de espresso|recetario/brownies_de_espresso|"Precalienta el horno a 150 0C (300 0F) y engrasa un molde de 20 x 20 centÃ­metros. En una olla mediana derrite a fuego lento la mantequilla junto con el chocolate, el CafÃ© NESCAFÃÂ® DOLCAÂ® y la ralladura de naranja, revolviendo constantemente con una cuchara de madera. Apaga el fuego, aÃ±ade la Leche Condensada LA LECHERAÂ® y revuelve muy bien. Adiciona los huevos y la esencia de vainilla y sigue mezclando hasta que todos los ingredientes incorporen y obtengas una textura suave.
Agrega la harina y revuelve muy bien.
Vierte la mezcla en el molde y hornea por 20 minutos. Revisa el brownie, voltea el molde y hornea por 20 minutos mÃ¡s, o hasta que al insertar un cuchillo en medio del brownie, el cuchillo salga limpio.
Retira del horno y deja enfriar antes de cortar los brownies."|16|50 |380|
1172|Paletas de crema y deditos|Paletas de crema y deditos|recetario/paletas_de_crema_y_deditos|"En la licuadora vierte la Crema de Leche NESTLÃÂ®, aÃ±ade la Leche Condensada LA LECHERAÂ® y licua con el yogur natural, la esencia
de vainilla, el jugo de limÃ³n y la sal, hasta que todos los ingredientes incorporen completamente.
En un molde para 12 paletas o en 12 vasitos plÃ¡sticos medianos reparte los DEDITOS NESTLÃÂ® cubiertos de chocolate enteros y distribuye los trocitos. Encima vierte la mezcla de crema dejando 1 centÃ­metro libre en el borde de cada molde o vasito.
Lleva al congelador por 30 minutos, retÃ­ralos e inserta los palitos de paleta en la mitad de cada molde o vasito. Devuelve al congelador
y congela por 3 o 4 horas o hasta que las paletas estÃ©n listas.
Para sacar las paletas de los moldes, mÃ©telas rÃ¡pidamente en un recipiente con agua tibia."|12|15 |250|
1173|Palitos de almendras tostadas|Palitos de almendras tostadas|recetario/palitos_de_almendras_tostadas|"Precalienta el horno a 180 0C (350 0F) y engrasa un molde refractario de 20 x 30 centÃ­metros.
En una licuadora o un procesador de alimentos tritura muy bien las Galletas MACARENAÂ® hasta que se pulvericen. Pon la galleta triturada en un recipiente grande y reserva.
En una sartÃ©n mediana tuesta a fuego medio las almendras de 3 a 5 minutos, aÃ±Ã¡delas al recipiente que tiene la galleta y revuelve bien. Adiciona la Leche Condensada LA LECHERAÂ®, la ralladura de naranja y la sal. Revuelve hasta que todos los ingredientes estÃ©n bien incorporados y obtengas una mezcla pegajosa. ViÃ©rtela en el molde usando una espÃ¡tula para emparejar la superficie.
Lleva al horno por 20 minutos o hasta que la mezcla se endurezca y dore. Retira del horno, deja enfriar y corta en tiras largas de 1 centÃ­metro de ancho a lo largo del molde para formar los palitos.
AcompaÃ±a con mezcla para preparar cafÃ© NESCAFÃÂ® Cappuccino"|24|30 |110|
1174|Bizcocho casero con fresas y crema|Bizcocho casero con fresas y crema|recetario/bizcocho_casero_con_fresas_y_crema|"Precalienta el horno a 180 0C (350 0F) y engrasa y enharina dos moldes para torta redondos.
En un recipiente grande bate la mantequilla con el azÃºcar hasta formar una crema. AÃ±ade las claras de huevo batidas y mezcla con una espÃ¡tula. Agrega la harina, el polvo para hornear, una pizca de sal y mezcla muy bien hasta que todos los ingredientes se incorporen. Por Ãºltimo, aÃ±ade la Leche KLIMÂ®, bate bien y vierte la mezcla en los dos moldes preparados. Lleva al horno por 35 minutos, o hasta que al insertar un cuchillo en la mitad de cada torta, este salga limpio. Retira del horno y deja enfriar.
Para la cubierta de fresas y crema:
Bate muy bien la Crema de Leche NESTLÃÂ® con el jugo de limÃ³n, la Leche Condensada LA LECHERAÂ® y una pizca de sal hasta que la crema espese. Cubre una de las tortas con la mitad de la crema batida.
Encima organiza las fresas tajadas y tapa con la otra torta. Decora con la crema batida restante y las fresas enteras."|12|55 |400|
1083|Lasagna de raviolis de queso a la carbonara|Lasagna de raviolis de queso a la carbonara|recetario/lasagna_de_raviolis_de_queso_a_la_carbonara|  <ul>   <li>Precalienta el horno a 180 0C (350 0F). Engrasa un molde refractario de  20 x 30 centÃ­metros y organiza los raviolis cocidos dentro del molde.  Reserva.</li>  <li>En una sartÃ©n grande sofrÃ­e la tocineta a fuego medio por unos 5  minutos, hasta que estÃ© dorada y crocante. Reserva sobre un plato  cubierto de papel de cocina. En la misma sartÃ©n, y usando un poco  de la grasa de la tocineta, sofrÃ­e la cebolla por 3 minutos. Reserva en  el mismo plato en el que tienes la tocineta y limpia la sartÃ©n con un  papel de cocina.</li>  <li>En la misma sartÃ©n vierte el contenido del sobre de Base para Salsa  Carbonara MAGGIÂ® y prepÃ¡ralo segÃºn las instrucciones del paquete.</li>  <li>Reparte la tocineta y la cebolla sobre los raviolis y encima vierte la salsa  carbonara caliente. Espolvorea con el queso parmesano y pimienta  al gusto, y lleva al horno por 15 minutos, o hasta que el queso dore.</li>  <li>Sirve caliente acompaÃ±ado de ensalada verde.</li>  </ul>|6|30|200|
1084|Moussaka de carne|Moussaka de carne|recetario/moussaka_de_carne|<ul>   <li>Precalienta el horno a 200 0C (400 0F) y alista un molde refractario de  20 x 20 centÃ­metros.</li>  <li>En un colador pon las tajadas de berenjena, espolvorÃ©ales media  cucharada de sal y dÃ©jalas que suelten el agua durante 10 minutos.  <li>EnjuÃ¡galas y sÃ©calas con papel de cocina. Reserva.</li>  <li>En una sartÃ©n grande calienta a fuego medio dos cucharadas de  aceite y sofrÃ­e la cebolla con el ajo por 3 minutos o hasta que ablanden.  AÃ±ade la carne molida y cocÃ­nala por 2 minutos mÃ¡s. Sazona  con sal y pimienta al gusto, agrega la pasta de tomate y cocina por  2 minutos mÃ¡s. Vierte el vino, los tomates, la miel, la pimienta dulce y  continÃºa la cocciÃ³n hasta que hierva. Reduce la temperatura, tapa  la olla y cocina a fuego bajo por 10 minutos mÃ¡s.</li>  <li>Unta las tajadas de berenjena con el resto del aceite y ponlas sobre  una lata. Lleva al horno por unos 15 minutos, volteando las tajadas,  hasta que se doren por ambos lados.</li>  <li>Mientras tanto, prepara la Base para Salsa Bechamel MAGGIÂ® siguiendo  las instrucciones del paquete.</li>  <li>Para armar la moussaka, pon en el fondo del molde una capa con la  mitad de las tajadas de berenjena, sigue con una capa con la mitad  de la mezcla de carne molida, baÃ±a con cuatro cucharadas de la  Salsa Bechamel MAGGIÂ® y espolvorea la mitad del queso. Repite de  nuevo el proceso agregando la Salsa Bechamel MAGGIÂ® restante y  terminando con el queso. Presiona muy bien las capas con un tenedor  para asegurarte de que luego puedas partirla en tajadas. Cubre  con el Cereal Corn Flakes de NESTLÃÂ® triturado y lleva al horno por  20 minutos, hasta que el queso se dore.</li>  </ul>|6|45|410|
1085|Granizado de cafÃ© turco|Granizado de cafÃ© turco|recetario/granizado_de_cafe_turco|<ul>   <li>En una olla mediana mezcla el agua, el CafÃ© NESCAFÃÂ® DOLCAÂ®, la  Leche Condensada LA LECHERAÂ® y revuelve muy bien. Cocina a  fuego medio alto hasta que estÃ© a punto de hervir y sigue revolviendo  con un batidor manual, asegurÃ¡ndote de que el CafÃ© NESCAFÃÂ®  DOLCAÂ® se disuelva con la Leche Condensada LA LECHERAÂ® y el  agua. Retira del fuego, vierte la mezcla en un molde refractario y  lleva al congelador por 2 horas o hasta que estÃ© congelada.</li>  <li>Antes de sacar el molde del congelador, con la ayuda de un tenedor,  bate la Crema de Leche NESTLÃÂ® con el jugo de limÃ³n y la miel. Reserva.</li>  <li>Para servir, alista ocho vasitos o recipientes pequeÃ±os. Retira el molde  del congelador y con un tenedor o pala de cocina empieza a raspar  el hielo hasta que tengas cinco cucharadas de granizado por vasito  aproximadamente. Sobre cada porciÃ³n pon una cucharada de la  Crema de Leche NESTLÃÂ® batida y espolvorea con un poco de CafÃ©  NESCAFÃÂ® DOLCAÂ®..</li>  <li>AcompaÃ±a con Galletas FITNESSÂ® AjonjolÃ­.</li>  </ul>|8|10|220|
1086|InfusiÃ³n de vainilla, jengibre y limÃ³n|InfusiÃ³n de vainilla, jengibre y limÃ³n|recetario/infusion_de_vainilla_|  <ul>   <li>En una olla mediana vierte la Leche SVELTYÂ® DigestiÃ³n y agrega el  jengibre con el jugo que soltÃ³ al rallarlo y la ralladura de limÃ³n. Cocina  a fuego medio bajo por 10 minutos. AÃ±ade el NESQUIKÂ® sabor a  Vainilla y revuelve muy bien con un batidor manual para que disuelva  completamente.</li>  <li>Por Ãºltimo, adiciona el jugo de limÃ³n, la sal y cocina por 5 minutos mÃ¡s.</li>  <li>Sirve caliente y acompaÃ±a con Galletas FITNESSÂ® Avena y Pasas.</li>  </ul>|6|15|105|
1087|Cuadritos de galletas y chocolate|Cuadritos de galletas y chocolate|recetario/cuadritos_de_calletas_y_chocolate|  <ul>   <li>Precalienta el horno a 180 0C (350 0F) y engrasa una lata de 20 x  40 centÃ­metros. Derrite la mantequilla y reserva. Tritura las Galletas  SALTINASÂ® DORÃÂ® y reserva medio taco de galletas enteras.</li>  <li>En un recipiente mediano pon las Galletas SALTINASÂ® DORÃÂ® trituradas,  agrega la mantequilla derretida y revuelve hasta que los ingredientes  se incorporen bien. Transfiere la mezcla a la lata y presiona  con una espÃ¡tula para formar una base pareja. Encima vierte con  cuidado la Leche Condensada LA LECHERAÂ® y cubre toda la superficie.</li>  <li>Espolvorea el manÃ­, el Chocolate de Leche NESTLÃ CLASSICÂ®  y las Galletas SALTINASÂ® DORÃÂ® que reservaste partidas en trozos  grandes.</li>  <li>Hornea por 20 minutos o hasta que el chocolate se derrita, la Leche  Condensada LA LECHERAÂ® empiece a burbujear y la superficie dore.</li>  <li>Retira del horno, deja enfriar completamente y lleva a la nevera hasta  que el chocolate se endurezca.</li>  <li>Con la ayuda de un cuchillo, desprende la galleta alrededor de la  lata y cÃ³rtala en 24 cuadrados.</li>  </ul>|24|35|190|
1088|Galletas de avena y coco|Galletas de avena y coco|recetario/galletas_de_avena_y_coco|  <ul>   <li>Precalienta el horno a 150 0C (300 0F) y engrasa dos moldes de 20 centÃ­metros  de diÃ¡metro con un poco de mantequilla.</li>  <li>En un recipiente mezcla con un tenedor la avena molida, el Cereal  Corn Flakes de NESTLÃÂ®, el coco rallado, la mantequilla a temperatura  ambiente, la Leche Condensada LA LECHERAÂ® y la sal hasta que todos  los ingredientes incorporen.</li>  <li>Divide la masa en los moldes y presiona con tus dedos o una espÃ¡tula,  asegurÃ¡ndote de que la masa quede bien esparcida y plana. Hornea  por 25 minutos o hasta que doren.</li>  <li>Retira del horno, deja enfriar y corta cuidadosamente la galleta en  tajadas delgadas.</li>  AcompaÃ±a con CafÃ© NESCAFÃÂ® DOLCAÂ®</li>  </ul>|32|45|200|
1089|Tres leches con maracuyÃ¡|Tres leches con maracuyÃ¡|recetario/tres_leches_con_maracuya|  <ul>   <li>Pon las tajadas de torta casera sobre una tabla de madera y con  un cortador de galletas redondo corta dos cÃ­rculos de cada tajada.  ObtendrÃ¡s 16 cÃ­rculos. Corta los bordes que sobran en cubos pequeÃ±os  y reserva.</li>  <li>En un recipiente grande, con una batidora elÃ©ctrica o un batidor manual,  bate la Crema de Leche NESTLÃÂ® 28% menos grasa y la Leche  Condensada LA LECHERAÂ®.AÃ±ade el jugo de limÃ³n, el ron y la esencia  de vainilla y continÃºa batiendo hasta obtener una mezcla cremosa.</li>  <li>Alista ocho vasos o copas de vidrio medianas. En el fondo de cada  uno ubica un cÃ­rculo de torta casera. Encima arma una capa con  la pulpa de maracuyÃ¡ y agrega dos cucharadas de la mezcla de  crema. ContinÃºa con otro cÃ­rculo de ponquÃ©, seguido por otra capa  de pulpa de maracuyÃ¡ y vierte el resto de la mezcla de crema. Finaliza  repartiendo los trocitos de torta y decora con los minimerengues.  Puedes servir inmediatamente o refrigerar antes de servir.</li>  </ul>|8|20|300|
1090|Torta de manzana|Torta de manzana|recetario/torta_de_manzana|  <ul>   <li>Precalienta el horno a 190 0C (360 0F) y asegÃºrate de que la repisa  estÃ© ubicada en el centro. Engrasa y enharina un molde para torta.</li>  <li>En un recipiente mediano mezcla la harina, el polvo para hornear, el  bicarbonato de soda, una cucharadita de canela y la sal. Reserva.</li>  <li>Aparte, con una batidora elÃ©ctrica a velocidad media, bate la mantequilla  con media lata de Leche Condensada LA LECHERAÂ® hasta  obtener una mezcla cremosa. AÃ±ade los huevos, uno a uno, y continÃºa  batiendo. Agrega la mezcla de los ingredientes secos en dos  tandas, alternando con el yogur (empieza y termina con la harina).  Ten cuidado de no mezclar demasiado. AÃ±ade las manzanas y bate  un poco mÃ¡s, hasta que queden apenas incorporadas.</li>  <li>Vierte la mezcla en el molde y espolvorea con el azÃºcar moreno.  Lleva al horno por 35 minutos o hasta que al insertar un cuchillo en  el centro de la torta, este salga limpio. Retira del horno, deja enfriar  y desmolda.</li>  <li>Antes de servir, en un recipiente pequeÃ±o mezcla la Crema de Leche  NESTLÃÂ® con la Leche Condensada LA LECHERAÂ® y la canela restantes,  y agrega la pizca de sal. Sirve la torta con esta crema.</li>  <li>Sirve acompaÃ±ado con mezcla para preparar cafÃ© NESCAFÃÂ® CafÃ©  con Leche.</li>  </ul>|10|20|370|
1091|Torticas espanolas de papa y cebolla|Torticas espanolas de papa y cebolla|recetario/torticas_espaÃ±olas_de_papa_y_cebolla|"En un recipiente hondo mezcle las papas ralladas, la cebolla morada, la cebolla larga y el Sazonatodo MAGGI. Exprima bien la mezcla con las manos para deshacerse del exceso de lÃ­quido y devuelva al recipiente.
AÃ±ada el huevo, la harina, el polvo para hornear, la pimienta al gusto y mezcle muy bien.
En una cacerola pequeÃ±a de teflÃ³n, a fuego medio, caliente una cucharada de aceite y ponga cuatro cucharadas de la mezcla de papa por cada tortica. Con la ayuda de una espÃ¡tula forme cada tortica hasta que quede uniforme y redonda.
Cocine por 3 Ã³ 4 minutos por un lado, voltee con la espÃ¡tula y cocine por 2 Ã³ 3 minutos por el otro lado hasta que quede dorada y crocante.
Retire de la sartÃ©n y ponga sobre papel absorbente para eliminar el exceso de grasa. Repita el procedimiento hasta terminar con la mezcla de papa.
Para la salsa:
Mezcle la Crema de Leche NESTLÃ con el limÃ³n, la pÃ¡prika, el Sazonatodo MAGGI y la pimienta al gusto.
Sirva las torticas con una cucharada de crema encima y perejil fresco."|6|30|232